URL,Redirect,Response Code,News Error,Detected,Category,Platform,Last crawled
/pubs/reports/case/broo02,/pubs/reports/case/broo/,301,,12/1/17,Not found,Smartphone,12/1/17
/pubs/reports/pub100/pub100abst,/pubs/reports/pub100/,301,,12/7/17,Not found,Smartphone,12/7/17
/pubs/reports/pub126/pub126abst,/pubs/reports/pub126/,301,,12/16/17,Not found,Smartphone,12/16/17
/pubs/reports/pub128/pub128abst,/pubs/reports/pub128/,301,,12/15/17,Not found,Smartphone,12/15/17
/pubs/reports/pub133/pub133abst,/pubs/reports/pub133/,301,,12/3/17,Not found,Smartphone,12/3/17
/pubs/reports/pub137/pub137abst,/pubs/reports/pub137/,301,,12/3/17,Not found,Smartphone,12/3/17
/pubs/reports/pub138/append1.htm,/pubs/reports/pub138/append1,301,,12/2/17,Not found,Desktop,12/11/17
/pubs/reports/pub140/appenda.htm,/pubs/reports/pub140/appenda,301,,12/2/17,Not found,Desktop,12/2/17
/pubs/reports/pub140/appenda.htm/refs.htm,/pubs/reports/pub140/appenda/refs,301,,12/4/17,Not found,Desktop,12/4/17
/pubs/reports/pub140/appendb.htm,/pubs/reports/pub140/appendb,301,,12/2/17,Not found,Desktop,12/2/17
/pubs/reports/pub140/appendc.htm,/pubs/reports/pub140/appendc,301,,12/1/17,Not found,Desktop,12/1/17
/pubs/reports/pub140/appende.htm,/pubs/reports/pub140/appende,301,,12/2/17,Not found,Desktop,12/2/17
/pubs/reports/pub140/appendf.htm,/pubs/reports/pub140/appendf,301,,12/2/17,Not found,Desktop,12/16/17
/pubs/reports/pub140/body.htm,/pubs/reports/pub140/body,301,,12/2/17,Not found,Desktop,12/14/17
/pubs/reports/pub140/body_files,/pubs/reports/pub140/body_files,301,,12/2/17,Not found,Desktop,12/2/17
/pubs/reports/pub140/refs.htm,/pubs/reports/pub140/refs,301,,12/1/17,Not found,Desktop,12/4/17
/pubs/reports/pub141/pub141abst,/pubs/reports/pub141/,301,,12/15/17,Not found,Smartphone,12/15/17
/pubs/reports/pub144/pub144abst,/pubs/reports/pub144/,301,,12/3/17,Not found,Smartphone,12/3/17
/pubs/reports/pub146/body.htm,/pubs/reports/pub146/body,301,,11/29/17,Not found,Desktop,12/1/17
/pubs/reports/pub155/pub154abst,/pubs/reports/pub154/,301,,12/8/17,Not found,Desktop,12/8/17
/pubs/reports/pub156/pub156abst,/pubs/reports/pub156/,301,,12/14/17,Not found,Smartphone,12/14/17
/pubs/reports/pub157/pub157abst,/pubs/reports/pub157/,301,,12/8/17,Not found,Desktop,12/8/17
/pubs/reports/pub163/pub163abst,/pubs/reports/pub163/,301,,12/4/17,Not found,Desktop,12/7/17
/pubs/reports/pub164/pub164abst,/pubs/reports/pub164/,301,,12/3/17,Not found,Desktop,12/7/17
/pubs/reports/pub167/pub167abst,/pubs/reports/pub167/,301,,12/3/17,Not found,Desktop,12/3/17
/pubs/reports/pub169/appendix-3,/pubs/reports/pub169/appendix3,301,,12/2/17,Not found,Desktop,12/11/17
/pubs/reports/pub173/pub173abst,/pubs/reports/pub173/,301,,12/7/17,Not found,Desktop,12/7/17
/pubs/reports/pub63/preserving-digital-information-report-of-the-task-force-on-archiving-of-digital-information,/pubs/reports/pub63/,301,,12/2/17,Not found,Desktop,12/2/17
/pubs/reports/gonzalez,/pubs/reports/pub76/,301,,12/1/17,Not found,Desktop,12/1/17
/pubs/reports/arms-79,/pubs/reports/pub79,301,,12/1/17,Not found,Desktop,12/11/17
/pubs/reports/pub83/statlab/200x200.htm,/pubs/reports/pub83/statlab/200x200,301,,12/2/17,Not found,Desktop,12/9/17
/pubs/reports/pub83/statlab/300x300.htm,/pubs/reports/pub83/statlab/300x300,301,,12/2/17,Not found,Desktop,12/2/17
/pubs/reports/pub83/statlab/400x400.htm,/pubs/reports/pub83/statlab/400x400,301,,12/2/17,Not found,Desktop,12/2/17
/pubs/reports/pub83/statlab/600x600.htm,/pubs/reports/pub83/statlab/600x600,301,,12/9/17,Not found,Desktop,12/9/17
/pubs/reports/pub91/contents.htm,/pubs/reports/pub91/contents,301,,12/2/17,Not found,Smartphone,12/2/17
/pubs/reports/spiro/append1.htm,/pubs/reports/spiro2009/append1,301,,12/1/17,Not found,Desktop,12/2/17
/pubs/reports/spiro/spiro/append1.htm,/pubs/reports/spiro2009/append1,301,,12/2/17,Not found,Desktop,12/2/17
/pubs/reports/spiro/append2.htm,/pubs/reports/spiro2009/append2,301,,11/30/17,Not found,Desktop,12/11/17
/pubs/reports/spiro/append3_files,/pubs/reports/spiro2009/append3,301,,12/15/17,Not found,Desktop,12/15/17
/pubs/reports/spiro/append3.htm,/pubs/reports/spiro2009/append3,301,,12/1/17,Not found,Desktop,12/2/17
/pubs/reports/spiro/spiro/append3.htm,/pubs/reports/spiro2009/append3,301,,12/2/17,Not found,Desktop,12/2/17
/pubs/reports/spiro/spiro2009.html/spiro/append3.htm,/pubs/reports/spiro2009/append3,301,,12/4/17,Not found,Desktop,12/4/17
/pubs/reports/spiro/append4_files,/pubs/reports/spiro2009/append4,301,,12/16/17,Not found,Desktop,12/16/17
/pubs/reports/spiro/append4.htm,/pubs/reports/spiro2009/append4,301,,11/30/17,Not found,Desktop,12/2/17
/pubs/reports/spiro/spiro/append4.htm,/pubs/reports/spiro2009/append4,301,,12/2/17,Not found,Desktop,12/2/17
/pubs/reports/spiro/spiro2009.html/spiro/append4.htm,/pubs/reports/spiro2009/append4,301,,12/4/17,Not found,Desktop,12/4/17
/pubs/reports/pub167/about.pdf,/wp-content/uploads/sites/6/about.pdf,301,,12/1/17,Not found,Desktop,12/2/17
/pubs/reports/pub139/ACAall.pdf,/wp-content/uploads/sites/6/ACAall.pdf,301,,11/29/17,Not found,Desktop,12/5/17
/pubs/reports/pub139/redesign.html/ACAall.pdf,/wp-content/uploads/sites/6/ACAall.pdf,301,,12/5/17,Not found,Desktop,12/5/17
/pubs/reports/pub139/rwwl.html/ACAall.pdf,/wp-content/uploads/sites/6/ACAall.pdf,301,,12/5/17,Not found,Desktop,12/5/17
/pubs/reports/pub139/tricoll.html/ACAall.pdf,/wp-content/uploads/sites/6/ACAall.pdf,301,,12/1/17,Not found,Desktop,12/4/17
/pubs/reports/pub139/ACAappx10.pdf,/wp-content/uploads/sites/6/ACAappx10.pdf,301,,12/1/17,Not found,Desktop,12/1/17
/pubs/reports/pub139/ACAappx2.pdf,/wp-content/uploads/sites/6/ACAappx2.pdf,301,,12/1/17,Not found,Desktop,12/2/17
/pubs/reports/pub139/ACAappx3.pdf,/wp-content/uploads/sites/6/ACAappx3.pdf,301,,11/30/17,Not found,Desktop,11/30/17
/pubs/reports/pub139/ACAappx4.pdf,/wp-content/uploads/sites/6/ACAappx4.pdf,301,,12/2/17,Not found,Desktop,12/11/17
/pubs/reports/pub139/ACAappx5.pdf,/wp-content/uploads/sites/6/ACAappx5.pdf,301,,12/1/17,Not found,Desktop,12/1/17
/pubs/reports/pub139/ACAappx8.pdf,/wp-content/uploads/sites/6/ACAappx8.pdf,301,,12/1/17,Not found,Desktop,12/3/17
/pubs/reports/pub139/tricoll.html/ACAappx8.pdf,/wp-content/uploads/sites/6/ACAappx8.pdf,301,,12/7/17,Not found,Desktop,12/7/17
/pubs/reports/pub139/ACAappx9.pdf,/wp-content/uploads/sites/6/ACAappx9.pdf,301,,12/1/17,Not found,Desktop,12/2/17
/pubs/reports/pub103/act-p7.gif/image_view_fullscreen,/wp-content/uploads/sites/6/act-p7.gif,301,,12/1/17,Not found,Desktop,12/11/17
/pubs/reports/pub169/addonizioetal.pdf/at_download/file,/wp-content/uploads/sites/6/addonizioetal.pdf,301,,12/2/17,Not found,Desktop,12/2/17
/pubs/reports/pub111/analysis.pdf,/wp-content/uploads/sites/6/analysis.pdf,301,,12/1/17,Not found,Desktop,12/5/17
/pubs/reports/pub111/analysis.pdf/at_download/file,/wp-content/uploads/sites/6/analysis.pdf,301,,12/9/17,Not found,Desktop,12/9/17
/pubs/reports/pub111/introsum.html/analysis.pdf,/wp-content/uploads/sites/6/analysis.pdf,301,,12/4/17,Not found,Desktop,12/7/17
/pubs/reports/pub93/AppendixA.pdf,/wp-content/uploads/sites/6/AppendixA.pdf,301,,12/1/17,Not found,Desktop,12/2/17
/pubs/reports/pub93/AppendixC.html/AppendixA.pdf,/wp-content/uploads/sites/6/AppendixA.pdf,301,,12/4/17,Not found,Desktop,12/4/17
/pubs/reports/pub93/AppendixE.html/AppendixA.pdf,/wp-content/uploads/sites/6/AppendixA.pdf,301,,12/5/17,Not found,Desktop,12/5/17
/pubs/reports/pub99/section2.html/appendixa.pdf,/wp-content/uploads/sites/6/appendixa.pdf,301,,12/2/17,Not found,Desktop,12/2/17
/pubs/reports/pub99/appendixa.pdf,/wp-content/uploads/sites/6/appendixa.pdf,301,,12/1/17,Not found,Desktop,12/2/17
/pubs/reports/pub99/section2.html/appendixb.pdf,/wp-content/uploads/sites/6/appendixb.pdf,301,,12/2/17,Not found,Desktop,12/2/17
/pubs/reports/pub127/appendixB.pdf,/wp-content/uploads/sites/6/appendixB.pdf,301,,11/29/17,Not found,Desktop,12/2/17
/pubs/reports/pub127/design.html/appendixB.pdf,/wp-content/uploads/sites/6/appendixB.pdf,301,,12/2/17,Not found,Desktop,12/3/17
/pubs/reports/pub93/risk.html/AppendixF.pdf,/wp-content/uploads/sites/6/AppendixF.pdf,301,,12/2/17,Not found,Desktop,12/2/17
/pubs/reports/pub167/appx2.pdf,/wp-content/uploads/sites/6/appx2.pdf,301,,12/5/17,Not found,Desktop,12/13/17
/pubs/reports/pub83/statlab/asc9209.sas,/wp-content/uploads/sites/6/asc9209.sas,301,,12/1/17,Not found,Desktop,12/1/17
/pubs/reports/pub167/authors.pdf,/wp-content/uploads/sites/6/authors.pdf,301,,12/1/17,Not found,Desktop,12/4/17
/pubs/reports/pub174/authors.pdf,/wp-content/uploads/sites/6/authors.pdf,301,,11/29/17,Not found,Desktop,11/29/17
/pubs/reports/pub169/banks-fogel,/wp-content/uploads/sites/6/Banks-Fogel.pdf,301,,12/6/17,Not found,Desktop,12/14/17
/pubs/reports/pub169/blacketal.pdf,/wp-content/uploads/sites/6/blacketal.pdf,301,,11/30/17,Not found,Desktop,11/30/17
/pubs/reports/case/img/broobg.gif/view,/wp-content/uploads/sites/6/broobg.gif,301,,12/6/17,Not found,Desktop,12/6/17
/pubs/reports/pub139/CLall.pdf,/wp-content/uploads/sites/6/CLall.pdf,301,,12/3/17,Not found,Desktop,12/3/17
/pubs/reports/reports/pub139/CLall.pdf,/wp-content/uploads/sites/6/CLall.pdf,301,,12/2/17,Not found,Desktop,12/11/17
/pubs/reports/pub139/aca.html/CLappx2.pdf,/wp-content/uploads/sites/6/CLappx2.pdf,301,,12/1/17,Not found,Smartphone,12/1/17
/pubs/reports/pub139/CLappx4.pdf,/wp-content/uploads/sites/6/CLappx4.pdf,301,,12/2/17,Not found,Desktop,12/2/17
/pubs/reports/pub139/CLappx5.pdf,/wp-content/uploads/sites/6/CLappx5.pdf,301,,12/1/17,Not found,Desktop,12/1/17
/pubs/reports/pub139/CLappx6.pdf,/wp-content/uploads/sites/6/CLappx6.pdf,301,,12/1/17,Not found,Desktop,12/1/17
/pubs/reports/pub139/CLappx7.pdf,/wp-content/uploads/sites/6/CLappx7.pdf,301,,12/1/17,Not found,Desktop,12/2/17
/pubs/reports/pub139/rwwl.html/CLappx7.pdf,/wp-content/uploads/sites/6/CLappx7.pdf,301,,12/2/17,Not found,Desktop,12/2/17
/pubs/reports/pub139/CLappx8.pdf/at_download/file,/wp-content/uploads/sites/6/CLappx8.pdf,301,,12/5/17,Not found,Desktop,12/5/17
/pubs/reports/pub139/rwwl.html/CLappx8.pdf,/wp-content/uploads/sites/6/CLappx8.pdf,301,,12/4/17,Not found,Desktop,12/4/17
/pubs/reports/case/img/cleadot.gif/view,/wp-content/uploads/sites/6/cleadot.gif,301,,12/2/17,Not found,Desktop,12/11/17
/pubs/reports/pub152/linked-data-survey/picts/clirlogo.gif/view,/wp-content/uploads/sites/6/clirlogo.gif,301,,12/6/17,Not found,Desktop,12/8/17
/pubs/reports/pub167/collaboration.pdf,/wp-content/uploads/sites/6/collaboration.pdf,301,,12/1/17,Not found,Desktop,12/4/17
/pubs/reports/pub174/commons.pdf,/wp-content/uploads/sites/6/commons.pdf,301,,12/1/17,Not found,Desktop,12/2/17
/pubs/reports/case/img/compass.gif/image_view_fullscreen,/wp-content/uploads/sites/6/compass.gif,301,,12/16/17,Not found,Desktop,12/16/17
/pubs/reports/pub174/current.pdf,/wp-content/uploads/sites/6/current.pdf,301,,12/1/17,Not found,Desktop,12/2/17
/pubs/reports/pub147/data1Gevinson.pdf,/wp-content/uploads/sites/6/data1Gevinson.pdf,301,,12/1/17,Not found,Desktop,12/1/17
/pubs/reports/reports/pub147/data1Gevinson.pdf,/wp-content/uploads/sites/6/data1Gevinson.pdf,301,,12/1/17,Not found,Desktop,12/3/17
/pubs/reports/reports/pub147/data2Gevinson.pdf,/wp-content/uploads/sites/6/data2Gevinson.pdf,301,,12/1/17,Not found,Desktop,12/2/17
/pubs/reports/reports/pub147/dataAGevinson.pdf,/wp-content/uploads/sites/6/dataAGevinson.pdf,301,,12/2/17,Not found,Desktop,12/11/17
/pubs/reports/reports/pub147/dataBaralt.pdf,/wp-content/uploads/sites/6/dataBaralt.pdf,301,,11/30/17,Not found,Desktop,12/13/17
/pubs/reports/reports/pub147/dataBGevinson.pdf,/wp-content/uploads/sites/6/dataBGevinson.pdf,301,,12/2/17,Not found,Desktop,12/11/17
/pubs/reports/pub147/dataCGevinson.pdf,/wp-content/uploads/sites/6/dataCGevinson.pdf,301,,12/2/17,Not found,Desktop,12/4/17
/pubs/reports/reports/pub147/dataCGevinson.pdf,/wp-content/uploads/sites/6/dataCGevinson.pdf,301,,12/1/17,Not found,Desktop,12/2/17
/pubs/reports/reports/pub147/dataSchmitz.xls,/wp-content/uploads/sites/6/dataSchmitz.xls,301,,12/1/17,Not found,Desktop,12/2/17
/pubs/reports/pub147/dataSoler.pdf,/wp-content/uploads/sites/6/dataSoler.pdf,301,,12/2/17,Not found,Desktop,12/2/17
/pubs/reports/reports/pub147/dataSoler.pdf,/wp-content/uploads/sites/6/dataSoler.pdf,301,,12/1/17,Not found,Desktop,12/1/17
/pubs/reports/pub160/denton-declaration,/wp-content/uploads/sites/6/denton-declaration.pdf,301,,11/30/17,Not found,Desktop,12/5/17
/pubs/reports/gonzalez/img/dot_clear.gif/view,/wp-content/uploads/sites/6/dot_clear.gif,301,,12/3/17,Not found,Desktop,12/17/17
/pubs/reports/pub167/expanding.pdf,/wp-content/uploads/sites/6/expanding.pdf,301,,11/29/17,Not found,Desktop,12/2/17
/pubs/reports/pub169/fidler-et-al,/wp-content/uploads/sites/6/Fidler-et-al.pdf,301,,12/1/17,Not found,Desktop,12/2/17
/pubs/reports/pub121/fig8-9.jpg/image_view_fullscreen,/wp-content/uploads/sites/6/fig8-9.jpg,301,,12/8/17,Not found,Desktop,12/8/17
/pubs/reports/pub127/figA3.jpg/image_view_fullscreen,/wp-content/uploads/sites/6/figA3.jpg,404,,12/2/17,Not found,Desktop,12/11/17
/pubs/reports/pub54/Images/figure_9.gif/view,/wp-content/uploads/sites/6/figure_9.gif,301,,12/2/17,Not found,Desktop,12/2/17
/pubs/reports/pub146/body_files/filelist.xml,/wp-content/uploads/sites/6/filelist.xml,301,,12/2/17,Not found,Desktop,12/2/17
/pubs/reports/case/img/georbg.gif/view,/wp-content/uploads/sites/6/georbg.gif,301,,12/3/17,Not found,Smartphone,12/3/17
/pubs/reports/pub165/GF03WebMetricsAnalyticsSurveyopt.pdf,/wp-content/uploads/sites/6/GF03WebMetricsAnalyticsSurveyopt.pdf,301,,12/2/17,Not found,Desktop,12/11/17
/pubs/reports/pub169/gieringer-et-al,/wp-content/uploads/sites/6/Gieringer-et-al.pdf,301,,12/1/17,Not found,Desktop,12/2/17
/pubs/reports/case/img/greenbar.gif/view,/wp-content/uploads/sites/6/greenbar.gif,301,,12/15/17,Not found,Smartphone,12/15/17
/pubs/reports/case/img/greendot.gif/image_view_fullscreen,/wp-content/uploads/sites/6/greendot.gif,301,,12/2/17,Not found,Desktop,12/11/17
/pubs/reports/pub169/gustainis-letocha,/wp-content/uploads/sites/6/Gustainis-Letocha.pdf,301,,12/2/17,Not found,Smartphone,12/2/17
/pubs/reports/pub167/history.pdf,/wp-content/uploads/sites/6/history.pdf,301,,12/1/17,Not found,Desktop,12/1/17
/pubs/reports/pub174/humanities.pdf,/wp-content/uploads/sites/6/humanities.pdf,301,,12/1/17,Not found,Desktop,12/2/17
/pubs/reports/pub140/body_files/image001.gif/view,/wp-content/uploads/sites/6/image001.gif,301,,12/2/17,Not found,Desktop,12/17/17
/pubs/reports/pub140/body_files/image020.wmf,/wp-content/uploads/sites/6/image020.wmf,301,,12/2/17,Not found,Desktop,12/2/17
/pubs/reports/pub140/body_files/image049.wmf,/wp-content/uploads/sites/6/image049.wmf,301,,12/2/17,Not found,Desktop,12/2/17
/pubs/reports/pub140/body_files/image052.wmf,/wp-content/uploads/sites/6/image052.wmf,301,,12/5/17,Not found,Desktop,12/5/17
/pubs/reports/pub140/body_files/image058.wmf,/wp-content/uploads/sites/6/image058.wmf,301,,12/3/17,Not found,Desktop,12/3/17
/pubs/reports/pub140/body_files/image070.wmf,/wp-content/uploads/sites/6/image070.wmf,301,,12/2/17,Not found,Desktop,12/3/17
/pubs/reports/pub140/body_files/image079.wmf,/wp-content/uploads/sites/6/image079.wmf,301,,12/5/17,Not found,Desktop,12/5/17
/pubs/reports/pub152/LDWTechDraft_ver1.0final_111230.pdf,/wp-content/uploads/sites/6/LDWTechDraft_ver1.0final_111230.pdf,301,,12/1/17,Not found,Desktop,12/14/17
/pubs/reports/pub169/learningatwork.pdf,/wp-content/uploads/sites/6/learningatwork.pdf,301,,11/30/17,Not found,Desktop,12/2/17
/pubs/reports/pub152/LinkedDataWorkshop.pdf,/wp-content/uploads/sites/6/LinkedDataWorkshop.pdf,301,,12/1/17,Not found,Desktop,12/6/17
/pubs/reports/pub54/Download/magnetic_tape_storage_and_handl.pdf/view,/wp-content/uploads/sites/6/magnetic_tape_storage_and_handl.pdf,301,,12/4/17,Not found,Smartphone,12/4/17
/pubs/reports/pub54/Download/magnetic_tape_storage_and_handling.pdf,/wp-content/uploads/sites/6/magnetic_tape_storage_and_handl.pdf,301,,11/30/17,Not found,Desktop,12/2/17
/pubs/reports/pub54/Download/magnetic_tape_storage_and_handling.pdf/at_download/file,/wp-content/uploads/sites/6/magnetic_tape_storage_and_handl.pdf,301,,12/4/17,Not found,Desktop,12/5/17
/pubs/reports/pub169/malbinetal.pdf,/wp-content/uploads/sites/6/malbinetal.pdf,301,,12/2/17,Not found,Desktop,12/6/17
/pubs/reports/pub169/mcshea,/wp-content/uploads/sites/6/McShea.pdf,301,,12/1/17,Not found,Desktop,12/2/17
/pubs/reports/pub167/next.pdf,/wp-content/uploads/sites/6/next.pdf,301,,12/1/17,Not found,Desktop,12/2/17
/pubs/reports/pub84/img/nutcracker.gif/image_view_fullscreen,/wp-content/uploads/sites/6/nutcracker.gif,301,,12/2/17,Not found,Desktop,12/11/17
/pubs/reports/pub174/opportunities.pdf,/wp-content/uploads/sites/6/opportunities.pdf,301,,12/1/17,Not found,Desktop,12/3/17
/pubs/reports/pub167/pedagogy.pdf,/wp-content/uploads/sites/6/pedagogy.pdf,301,,12/1/17,Not found,Desktop,12/2/17
/pubs/reports/pub167/pedagogy.pdf/at_download/file,/wp-content/uploads/sites/6/pedagogy.pdf,301,,12/2/17,Not found,Desktop,12/2/17
/pubs/reports/pub169/peek,/wp-content/uploads/sites/6/Peek.pdf,301,,11/28/17,Not found,Desktop,11/30/17
/pubs/reports/pub169/peek/at_download/file,/wp-content/uploads/sites/6/Peek.pdf,301,,12/1/17,Not found,Desktop,12/1/17
/pubs/reports/pub169/perry,/wp-content/uploads/sites/6/perry.pdf,301,,11/29/17,Not found,Desktop,12/1/17
/pubs/reports/pub122/phoneproc.pdf,/wp-content/uploads/sites/6/phoneproc.pdf,301,,12/2/17,Not found,Desktop,12/12/17
/pubs/reports/pub122/phonesum.pdf/at_download/file,/wp-content/uploads/sites/6/phonesum.pdf,301,,12/7/17,Not found,Desktop,12/8/17
/pubs/reports/pub169/piscitellietal.pdf,/wp-content/uploads/sites/6/piscitellietal.pdf,301,,12/1/17,Not found,Desktop,12/2/17
/pubs/reports/reports/pub100/pub100.pdf,/wp-content/uploads/sites/6/pub100.pdf,301,,12/5/17,Not found,Desktop,12/14/17
/pubs/reports/pub101/pub101.pdf,/wp-content/uploads/sites/6/pub101.pdf,301,,11/28/17,Not found,Desktop,11/29/17
/pubs/reports/reports/pub101/pub101.pdf,/wp-content/uploads/sites/6/pub101.pdf,301,,11/28/17,Not found,Desktop,12/2/17
/pubs/reports/pub102/pub102.pdf,/wp-content/uploads/sites/6/pub102.pdf,301,,12/1/17,Not found,Desktop,12/9/17
/pubs/reports/reports/pub102/pub102.pdf,/wp-content/uploads/sites/6/pub102.pdf,301,,12/1/17,Not found,Desktop,12/1/17
/pubs/reports/pub103/pub103.pdf,/wp-content/uploads/sites/6/pub103.pdf,301,,11/29/17,Not found,Desktop,12/4/17
/pubs/reports/reports/pub103/pub103.pdf,/wp-content/uploads/sites/6/pub103.pdf,301,,11/30/17,Not found,Desktop,12/5/17
/pubs/reports/pub104/pub104.pdf,/wp-content/uploads/sites/6/pub104.pdf,301,,11/30/17,Not found,Desktop,12/5/17
/pubs/reports/reports/pub104/pub104.pdf,/wp-content/uploads/sites/6/pub104.pdf,301,,12/2/17,Not found,Desktop,12/4/17
/pubs/reports/pub105/pub105.pdf,/wp-content/uploads/sites/6/pub105.pdf,301,,11/29/17,Not found,Desktop,12/8/17
/pubs/reports/reports/pub105/pub105.pdf,/wp-content/uploads/sites/6/pub105.pdf,301,,12/2/17,Not found,Desktop,12/3/17
/pubs/reports/pub106/pub106.pdf,/wp-content/uploads/sites/6/pub106.pdf,301,,12/1/17,Not found,Desktop,12/3/17
/pubs/reports/reports/pub106/pub106.pdf,/wp-content/uploads/sites/6/pub106.pdf,301,,12/1/17,Not found,Desktop,12/5/17
/pubs/reports/pub107/pub107.pdf,/wp-content/uploads/sites/6/pub107.pdf,301,,12/1/17,Not found,Desktop,12/4/17
/pubs/reports/reports/pub107/pub107.pdf,/wp-content/uploads/sites/6/pub107.pdf,301,,12/1/17,Not found,Desktop,12/4/17
/pubs/reports/pub108/pub108.pdf,/wp-content/uploads/sites/6/pub108.pdf,301,,12/2/17,Not found,Smartphone,12/2/17
/pubs/reports/reports/pub108/pub108.pdf,/wp-content/uploads/sites/6/pub108.pdf,301,,12/12/17,Not found,Desktop,12/12/17
/pubs/reports/pub109/pub109.pdf,/wp-content/uploads/sites/6/pub109.pdf,301,,11/29/17,Not found,Desktop,12/3/17
/pubs/reports/reports/pub109/pub109.pdf,/wp-content/uploads/sites/6/pub109.pdf,301,,12/2/17,Not found,Desktop,12/2/17
/pubs/reports/pub111/pub111.pdf,/wp-content/uploads/sites/6/pub111.pdf,301,,12/1/17,Not found,Desktop,12/2/17
/pubs/reports/reports/pub111/pub111.pdf,/wp-content/uploads/sites/6/pub111.pdf,301,,12/2/17,Not found,Desktop,12/14/17
/pubs/reports/pub112/pub112.pdf,/wp-content/uploads/sites/6/pub112.pdf,301,,11/29/17,Not found,Desktop,12/3/17
/pubs/reports/reports/pub112/pub112.pdf,/wp-content/uploads/sites/6/pub112.pdf,301,,12/1/17,Not found,Desktop,12/3/17
/pubs/reports/pub113/pub113english.pdf,/wp-content/uploads/sites/6/pub113english.pdf,301,,11/30/17,Not found,Desktop,12/2/17
/pubs/reports/reports/pub113/pub113english.pdf,/wp-content/uploads/sites/6/pub113english.pdf,301,,11/30/17,Not found,Desktop,12/7/17
/pubs/reports/pub113/pub113spanish.pdf,/wp-content/uploads/sites/6/pub113spanish.pdf,301,,11/30/17,Not found,Desktop,12/2/17
/pubs/reports/pub113/pub113spanish.pdf/at_download/file,/wp-content/uploads/sites/6/pub113spanish.pdf,301,,12/3/17,Not found,Desktop,12/4/17
/pubs/reports/reports/pub113/pub113spanish.pdf,/wp-content/uploads/sites/6/pub113spanish.pdf,301,,11/29/17,Not found,Desktop,12/4/17
/pubs/reports/pub114/pub114.pdf,/wp-content/uploads/sites/6/pub114.pdf,301,,11/30/17,Not found,Desktop,12/2/17
/pubs/reports/reports/pub114/pub114.pdf,/wp-content/uploads/sites/6/pub114.pdf,301,,12/2/17,Not found,Desktop,12/2/17
/pubs/reports/pub115/pub115.pdf,/wp-content/uploads/sites/6/pub115.pdf,301,,12/2/17,Not found,Desktop,12/2/17
/pubs/reports/reports/pub115/pub115.pdf,/wp-content/uploads/sites/6/pub115.pdf,301,,12/1/17,Not found,Desktop,12/3/17
/pubs/reports/pub116/pub116.pdf,/wp-content/uploads/sites/6/pub116.pdf,301,,12/1/17,Not found,Desktop,12/17/17
/pubs/reports/reports/pub116/pub116.pdf,/wp-content/uploads/sites/6/pub116.pdf,301,,12/2/17,Not found,Desktop,12/4/17
/pubs/reports/pub117/pub117.pdf,/wp-content/uploads/sites/6/pub117.pdf,301,,12/1/17,Not found,Desktop,12/9/17
/pubs/reports/reports/pub117/pub117.pdf,/wp-content/uploads/sites/6/pub117.pdf,301,,12/2/17,Not found,Desktop,12/6/17
/pubs/reports/pub118/pub118.pdf,/wp-content/uploads/sites/6/pub118.pdf,301,,12/2/17,Not found,Desktop,12/6/17
/pubs/reports/pub122/pub118.pdf,/wp-content/uploads/sites/6/pub118.pdf,301,,12/1/17,Not found,Desktop,12/6/17
/pubs/reports/reports/pub118/pub118.pdf,/wp-content/uploads/sites/6/pub118.pdf,301,,12/5/17,Not found,Desktop,12/6/17
/pubs/reports/pub119/pub119.pdf,/wp-content/uploads/sites/6/pub119.pdf,301,,12/1/17,Not found,Desktop,12/17/17
/pubs/reports/reports/pub119/pub119.pdf,/wp-content/uploads/sites/6/pub119.pdf,301,,12/2/17,Not found,Desktop,12/2/17
/pubs/reports/reports/pub120/pub120.pdf,/wp-content/uploads/sites/6/pub120.pdf,301,,12/3/17,Not found,Desktop,12/3/17
/pubs/reports/reports/pub121/pub121.pdf,/wp-content/uploads/sites/6/pub121.pdf,301,,12/1/17,Not found,Desktop,12/4/17
/pubs/reports/pub122/pub122web.pdf,/wp-content/uploads/sites/6/pub122web.pdf,301,,11/29/17,Not found,Desktop,12/11/17
/pubs/reports/pub123/pub123.pdf,/wp-content/uploads/sites/6/pub123.pdf,301,,12/1/17,Not found,Desktop,12/2/17
/pubs/reports/reports/pub123/pub123.pdf,/wp-content/uploads/sites/6/pub123.pdf,301,,12/1/17,Not found,Desktop,12/15/17
/pubs/reports/pub124/pub124.pdf,/wp-content/uploads/sites/6/pub124.pdf,301,,12/2/17,Not found,Smartphone,12/2/17
/pubs/reports/reports/pub124/pub124.pdf,/wp-content/uploads/sites/6/pub124.pdf,301,,12/2/17,Not found,Desktop,12/5/17
/pubs/reports/pub125/pub125.pdf,/wp-content/uploads/sites/6/pub125.pdf,301,,11/30/17,Not found,Desktop,12/2/17
/pubs/reports/reports/pub125/pub125.pdf,/wp-content/uploads/sites/6/pub125.pdf,301,,11/28/17,Not found,Desktop,12/16/17
/pubs/reports/pub126/pub126.pdf,/wp-content/uploads/sites/6/pub126.pdf,301,,12/1/17,Not found,Desktop,12/3/17
/pubs/reports/reports/pub126/pub126.pdf,/wp-content/uploads/sites/6/pub126.pdf,301,,11/29/17,Not found,Desktop,12/3/17
/pubs/reports/pub127/pub127.pdf,/wp-content/uploads/sites/6/pub127.pdf,301,,12/1/17,Not found,Desktop,12/3/17
/pubs/reports/reports/pub127/pub127.pdf,/wp-content/uploads/sites/6/pub127.pdf,301,,12/1/17,Not found,Desktop,12/3/17
/pubs/reports/pub128/pub128.pdf,/wp-content/uploads/sites/6/pub128.pdf,301,,12/1/17,Not found,Desktop,12/14/17
/pubs/reports/reports/pub128/pub128.pdf,/wp-content/uploads/sites/6/pub128.pdf,301,,12/1/17,Not found,Desktop,12/13/17
/pubs/reports/pub129/images/infodesk.jpg/image_view_fullscreen,/wp-content/uploads/sites/6/pub129.pdf,301,,12/1/17,Not found,Desktop,12/2/17
/pubs/reports/pub129/pub129.pdf/at_download/file,/wp-content/uploads/sites/6/pub129.pdf,301,,12/5/17,Not found,Desktop,12/6/17
/pubs/reports/reports/pub129/pub129.pdf,/wp-content/uploads/sites/6/pub129.pdf,301,,12/2/17,Not found,Desktop,12/5/17
/pubs/reports/pub130/pub130.pdf,/wp-content/uploads/sites/6/pub130.pdf,301,,12/2/17,Not found,Desktop,12/3/17
/pubs/reports/reports/pub130/pub130.pdf,/wp-content/uploads/sites/6/pub130.pdf,301,,11/30/17,Not found,Desktop,12/3/17
/pubs/reports/pub130/pub130ch.pdf,/wp-content/uploads/sites/6/pub130ch.pdf,301,,12/1/17,Not found,Desktop,12/1/17
/pubs/reports/reports/pub130/pub130ch.pdf,/wp-content/uploads/sites/6/pub130ch.pdf,301,,11/28/17,Not found,Desktop,12/2/17
/pubs/reports/pub131/pub131.pdf,/wp-content/uploads/sites/6/pub131.pdf,301,,12/1/17,Not found,Desktop,12/4/17
/pubs/reports/reports/pub131/pub131.pdf,/wp-content/uploads/sites/6/pub131.pdf,301,,12/2/17,Not found,Desktop,12/4/17
/pubs/reports/pub132/pub132.pdf,/wp-content/uploads/sites/6/pub132.pdf,301,,12/1/17,Not found,Desktop,12/4/17
/pubs/reports/pub132/pub132.pdf/view,/wp-content/uploads/sites/6/pub132.pdf,301,,12/16/17,Not found,Desktop,12/17/17
/pubs/reports/reports/pub132/pub132.pdf,/wp-content/uploads/sites/6/pub132.pdf,301,,12/2/17,Not found,Desktop,12/4/17
/pubs/reports/pub133/pub133.pdf,/wp-content/uploads/sites/6/pub133.pdf,301,,12/2/17,Not found,Smartphone,12/2/17
/pubs/reports/pub133/pub133.pdf/view,/wp-content/uploads/sites/6/pub133.pdf,301,,12/16/17,Not found,Smartphone,12/16/17
/pubs/reports/pub134/pub134col.pdf,/wp-content/uploads/sites/6/pub134col.pdf,301,,12/1/17,Not found,Desktop,12/7/17
/pubs/reports/reports/pub134/pub134col.pdf,/wp-content/uploads/sites/6/pub134col.pdf,301,,12/1/17,Not found,Desktop,12/6/17
/pubs/reports/pub134/pub134grey.pdf,/wp-content/uploads/sites/6/pub134grey.pdf,301,,12/2/17,Not found,Desktop,12/6/17
/pubs/reports/reports/pub134/pub134grey.pdf,/wp-content/uploads/sites/6/pub134grey.pdf,301,,12/2/17,Not found,Desktop,12/6/17
/pubs/reports/pub135/pub135.pdf,/wp-content/uploads/sites/6/pub135.pdf,301,,12/1/17,Not found,Desktop,12/9/17
/pubs/reports/reports/pub135/pub135.pdf,/wp-content/uploads/sites/6/pub135.pdf,301,,12/2/17,Not found,Desktop,12/4/17
/pubs/reports/pub136/pub136.pdf,/wp-content/uploads/sites/6/pub136.pdf,301,,11/30/17,Not found,Desktop,12/4/17
/pubs/reports/reports/pub136/pub136.pdf,/wp-content/uploads/sites/6/pub136.pdf,301,,12/1/17,Not found,Desktop,12/3/17
/pubs/reports/reports/pub137/pub137.pdf,/wp-content/uploads/sites/6/pub137.pdf,301,,12/1/17,Not found,Desktop,12/6/17
/pubs/reports/pub138/pub138.pdf,/wp-content/uploads/sites/6/pub138.pdf,301,,11/30/17,Not found,Desktop,12/12/17
/pubs/reports/reports/pub138/pub138.pdf,/wp-content/uploads/sites/6/pub138.pdf,301,,11/30/17,Not found,Desktop,12/6/17
/pubs/reports/pub139/pub139.pdf,/wp-content/uploads/sites/6/pub139.pdf,301,,11/27/17,Not found,Desktop,12/7/17
/pubs/reports/reports/pub139/pub139.pdf,/wp-content/uploads/sites/6/pub139.pdf,301,,11/29/17,Not found,Desktop,12/3/17
/pubs/reports/pub140/pub140.pdf,/wp-content/uploads/sites/6/pub140.pdf,301,,12/1/17,Not found,Desktop,12/14/17
/pubs/reports/reports/pub140/pub140.pdf,/wp-content/uploads/sites/6/pub140.pdf,301,,12/2/17,Not found,Desktop,12/16/17
/pubs/reports/pub141/pub141.pdf,/wp-content/uploads/sites/6/pub141.pdf,301,,11/30/17,Not found,Desktop,12/9/17
/pubs/reports/reports/pub141/pub141.pdf,/wp-content/uploads/sites/6/pub141.pdf,301,,11/30/17,Not found,Desktop,12/3/17
/pubs/reports/pub142/pub142.pdf,/wp-content/uploads/sites/6/pub142.pdf,301,,12/1/17,Not found,Desktop,12/16/17
/pubs/reports/reports/pub142/pub142.pdf,/wp-content/uploads/sites/6/pub142.pdf,301,,12/2/17,Not found,Desktop,12/4/17
/pubs/reports/pub142/pub142Arabic_part1.pdf,/wp-content/uploads/sites/6/pub142Arabic_part1.pdf,301,,12/2/17,Not found,Desktop,12/2/17
/pubs/reports/reports/pub142/pub142Arabic_part1.pdf,/wp-content/uploads/sites/6/pub142Arabic_part1.pdf,301,,11/30/17,Not found,Desktop,12/8/17
/pubs/reports/pub142/pub142Chinese_part1.pdf,/wp-content/uploads/sites/6/pub142Chinese_part1.pdf,301,,12/1/17,Not found,Desktop,12/2/17
/pubs/reports/reports/pub142/pub142Chinese_part1.pdf,/wp-content/uploads/sites/6/pub142Chinese_part1.pdf,301,,11/29/17,Not found,Desktop,12/2/17
/pubs/reports/pub143/pub143.pdf,/wp-content/uploads/sites/6/pub143.pdf,301,,11/30/17,Not found,Desktop,12/4/17
/pubs/reports/reports/pub143/pub143.pdf,/wp-content/uploads/sites/6/pub143.pdf,301,,11/30/17,Not found,Desktop,12/4/17
/pubs/reports/pub144/pub144.pdf,/wp-content/uploads/sites/6/pub144.pdf,301,,11/27/17,Not found,Desktop,12/1/17
/pubs/reports/reports/pub144/pub144.pdf,/wp-content/uploads/sites/6/pub144.pdf,301,,11/29/17,Not found,Desktop,11/30/17
/pubs/pubs/reports/pub145/pub145.pdf,/wp-content/uploads/sites/6/pub145.pdf,301,,12/2/17,Not found,Desktop,12/4/17
/pubs/reports/pub145/pub145.pdf,/wp-content/uploads/sites/6/pub145.pdf,301,,11/29/17,Not found,Desktop,12/3/17
/pubs/reports/reports/pub145/pub145.pdf,/wp-content/uploads/sites/6/pub145.pdf,301,,11/30/17,Not found,Desktop,12/4/17
/pubs/reports/pub146/pub146.pdf,/wp-content/uploads/sites/6/pub146.pdf,301,,12/3/17,Not found,Desktop,12/3/17
/pubs/reports/reports/pub146/pub146.pdf,/wp-content/uploads/sites/6/pub146.pdf,301,,12/2/17,Not found,Desktop,12/3/17
/pubs/reports/pub147/pub147.pdf,/wp-content/uploads/sites/6/pub147.pdf,301,,11/28/17,Not found,Desktop,12/12/17
/pubs/reports/reports/pub147/pub147.pdf,/wp-content/uploads/sites/6/pub147.pdf,301,,12/2/17,Not found,Desktop,12/5/17
/pubs/reports/pub148/pub148.pdf,/wp-content/uploads/sites/6/pub148.pdf,301,,11/29/17,Not found,Desktop,12/5/17
/pubs/reports/reports/pub148/pub148.pdf,/wp-content/uploads/sites/6/pub148.pdf,301,,12/2/17,Not found,Desktop,12/5/17
/pubs/reports/pub149/pub149.pdf,/wp-content/uploads/sites/6/pub149.pdf,301,,11/29/17,Not found,Desktop,12/5/17
/pubs/reports/reports/pub149/pub149.pdf,/wp-content/uploads/sites/6/pub149.pdf,301,,12/2/17,Not found,Smartphone,12/2/17
/pubs/reports/pub150/pub150.pdf,/wp-content/uploads/sites/6/pub150.pdf,301,,12/2/17,Not found,Desktop,12/9/17
/pubs/reports/reports/pub150/pub150.pdf,/wp-content/uploads/sites/6/pub150.pdf,301,,12/1/17,Not found,Desktop,12/4/17
/pubs/reports/pub151/pub151.pdf,/wp-content/uploads/sites/6/pub151.pdf,301,,12/1/17,Not found,Desktop,12/15/17
/pubs/reports/pub153/pub153.pdf,/wp-content/uploads/sites/6/pub153.pdf,301,,11/29/17,Not found,Desktop,12/4/17
/pubs/reports/pub154/pub154.pdf,/wp-content/uploads/sites/6/pub154.pdf,301,,11/29/17,Not found,Desktop,12/17/17
/pubs/reports/pub155/pub155.pdf,/wp-content/uploads/sites/6/pub155.pdf,301,,11/29/17,Not found,Desktop,12/13/17
/pubs/reports/pub156/pub156.pdf,/wp-content/uploads/sites/6/pub156.pdf,301,,12/2/17,Not found,Desktop,12/2/17
/pubs/reports/pub157/pub157.pdf,/wp-content/uploads/sites/6/pub157.pdf,301,,12/1/17,Not found,Desktop,12/15/17
/pubs/reports/pub157/pub157.pdf/at_download/file,/wp-content/uploads/sites/6/pub157.pdf,301,,12/5/17,Not found,Desktop,12/5/17
/pubs/reports/pub158/pub158.pdf,/wp-content/uploads/sites/6/pub158.pdf,301,,12/2/17,Not found,Desktop,12/3/17
/pubs/reports/pub159/pub159.pdf,/wp-content/uploads/sites/6/pub159.pdf,301,,12/1/17,Not found,Desktop,12/14/17
/pubs/reports/pub159/pub159t.pdf,/wp-content/uploads/sites/6/pub159t.pdf,301,,12/1/17,Not found,Desktop,12/8/17
/pubs/reports/pub160/pub160.pdf,/wp-content/uploads/sites/6/pub160.pdf,301,,11/28/17,Not found,Desktop,12/4/17
/pubs/reports/pub161/pub161.pdf,/wp-content/uploads/sites/6/pub161.pdf,301,,12/2/17,Not found,Desktop,12/15/17
/pubs/reports/pub162/pub162.pdf,/wp-content/uploads/sites/6/pub162.pdf,301,,12/2/17,Not found,Desktop,12/2/17
/pubs/reports/pub163/pub163.pdf,/wp-content/uploads/sites/6/pub163.pdf,301,,12/2/17,Not found,Desktop,12/15/17
/pubs/reports/pub166/pub166-pdf,/wp-content/uploads/sites/6/pub166.pdf,301,,11/30/17,Not found,Desktop,12/3/17
/pubs/reports/pub166/Pub166-pdfORIG,/wp-content/uploads/sites/6/pub166.pdf,301,,12/1/17,Not found,Desktop,12/2/17
/pubs/reports/pub166/Pub166-pdfORIG/at_download/file,/wp-content/uploads/sites/6/pub166.pdf,301,,12/4/17,Not found,Desktop,12/5/17
/pubs/reports/pub167/pub167.pdf,/wp-content/uploads/sites/6/pub167.pdf,301,,11/30/17,Not found,Desktop,12/3/17
/pubs/reports/pub167/pub167.pdf/at_download/file,/wp-content/uploads/sites/6/pub167.pdf,301,,12/3/17,Not found,Desktop,12/5/17
/pubs/reports/pub169/pub169.pdf,/wp-content/uploads/sites/6/pub169.pdf,301,,11/30/17,Not found,Desktop,11/30/17
/pubs/reports/pub17/pub17.pdf,/wp-content/uploads/sites/6/pub17.pdf,301,,11/30/17,Not found,Desktop,12/9/17
/pubs/reports/pub173/pub173.pdf,/wp-content/uploads/sites/6/pub173.pdf,301,,12/1/17,Not found,Desktop,12/12/17
/pubs/reports/pub174/pub174.pdf,/wp-content/uploads/sites/6/pub174.pdf,301,,11/30/17,Not found,Desktop,12/3/17
/pubs/reports/pub48-1/pub48.pdf,/wp-content/uploads/sites/6/pub48.pdf,301,,12/1/17,Not found,Desktop,12/11/17
/pubs/reports/pub50/pub50.pdf,/wp-content/uploads/sites/6/pub50.pdf,301,,11/30/17,Not found,Desktop,12/11/17
/pubs/reports/pub51/pub51.pdf,/wp-content/uploads/sites/6/pub51.pdf,301,,12/1/17,Not found,Desktop,12/2/17
/pubs/reports/pub52/pub52.pdf,/wp-content/uploads/sites/6/pub52.pdf,301,,12/2/17,Not found,Desktop,12/17/17
/pubs/reports/pub53/pub53.pdf,/wp-content/uploads/sites/6/pub53.pdf,301,,12/1/17,Not found,Desktop,12/2/17
/pubs/reports/pub54/Download/pub54.pdf/view,/wp-content/uploads/sites/6/pub54.pdf,301,,12/2/17,Not found,Desktop,12/14/17
/pubs/reports/pub54/Download,/wp-content/uploads/sites/6/pub54.pdf,301,,12/1/17,Not found,Desktop,12/1/17
/pubs/reports/pub56/pub56.pdf,/wp-content/uploads/sites/6/pub56.pdf,301,,12/5/17,Not found,Desktop,12/6/17
/pubs/reports/pub56/pub56.pdf/view,/wp-content/uploads/sites/6/pub56.pdf,301,,12/16/17,Not found,Desktop,12/16/17
/pubs/reports/pub57/pub57.pdf,/wp-content/uploads/sites/6/pub57.pdf,301,,12/2/17,Not found,Desktop,12/2/17
/pubs/reports/pub58/pub58.pdf,/wp-content/uploads/sites/6/pub58.pdf,301,,12/1/17,Not found,Desktop,12/1/17
/pubs/reports/pub59/pub59.pdf,/wp-content/uploads/sites/6/pub59.pdf,301,,12/1/17,Not found,Desktop,12/4/17
/pubs/reports/pub59/pub59.pdf/view,/wp-content/uploads/sites/6/pub59.pdf,301,,12/11/17,Not found,Desktop,12/11/17
/pubs/reports/pub60/pub60.pdf,/wp-content/uploads/sites/6/pub60.pdf,301,,12/1/17,Not found,Desktop,12/4/17
/pubs/reports/pub60/pub60.pdf/at_download/file,/wp-content/uploads/sites/6/pub60.pdf,301,,12/2/17,Not found,Desktop,12/4/17
/pubs/reports/pub63watersgarrett.pdf,/wp-content/uploads/sites/6/pub63watersgarrett.pdf,301,,12/2/17,Not found,Smartphone,12/3/17
/pubs/reports/reports/pub63watersgarrett.pdf,/wp-content/uploads/sites/6/pub63watersgarrett.pdf,301,,12/2/17,Not found,Desktop,12/4/17
/pubs/reports/pub64/pub64.pdf,/wp-content/uploads/sites/6/pub64.pdf,301,,12/1/17,Not found,Desktop,12/2/17
/pubs/reports/pub68/pub68.pdf,/wp-content/uploads/sites/6/pub68.pdf,301,,12/2/17,Not found,Desktop,12/11/17
/pubs/reports/reports/rothenberg/pub77.pdf,/wp-content/uploads/sites/6/pub77.pdf,301,,12/3/17,Not found,Desktop,12/4/17
/pubs/reports/rothenberg/pub77.pdf,/wp-content/uploads/sites/6/pub77.pdf,301,,12/1/17,Not found,Desktop,12/4/17
/pubs/reports/rothenberg/pub77.pdf/at_download/file,/wp-content/uploads/sites/6/pub77.pdf,301,,12/4/17,Not found,Desktop,12/6/17
/pubs/reports/arms-79/pub79.pdf,/wp-content/uploads/sites/6/pub79.pdf,301,,12/2/17,Not found,Desktop,12/11/17
/pubs/reports/reports/arms-79/pub79.pdf,/wp-content/uploads/sites/6/pub79.pdf,301,,12/9/17,Not found,Smartphone,12/9/17
/pubs/reports/pub80-smith/pub80.pdf,/wp-content/uploads/sites/6/pub80.pdf,301,,11/29/17,Not found,Desktop,12/12/17
/pubs/reports/pub81-bouche/pub81.pdf,/wp-content/uploads/sites/6/pub81.pdf,301,,12/1/17,Not found,Desktop,12/4/17
/pubs/reports/pub81-bouche/pub81.pdf/at_download/file,/wp-content/uploads/sites/6/pub81.pdf,301,,12/4/17,Not found,Desktop,12/4/17
/pubs/reports/reports/pub81-bouche/pub81.pdf,/wp-content/uploads/sites/6/pub81.pdf,301,,12/1/17,Not found,Desktop,12/3/17
/pubs/reports/pub82/pub82.pdf,/wp-content/uploads/sites/6/pub82.pdf,301,,12/2/17,Not found,Desktop,12/2/17
/pubs/reports/reports/pub82/pub82.pdf,/wp-content/uploads/sites/6/pub82.pdf,301,,12/1/17,Not found,Desktop,12/3/17
/pubs/reports/pub83/pub83.pdf,/wp-content/uploads/sites/6/pub83.pdf,301,,12/1/17,Not found,Desktop,12/11/17
/pubs/reports/reports/pub83/pub83.pdf,/wp-content/uploads/sites/6/pub83.pdf,301,,12/1/17,Not found,Desktop,12/13/17
/pubs/reports/pub84/pub84.pdf,/wp-content/uploads/sites/6/pub84.pdf,301,,12/2/17,Not found,Desktop,12/2/17
/pubs/reports/reports/pub84/pub84.pdf,/wp-content/uploads/sites/6/pub84.pdf,301,,11/29/17,Not found,Desktop,12/2/17
/pubs/reports/reports/pub85/pub85.pdf,/wp-content/uploads/sites/6/pub85.pdf,301,,12/2/17,Not found,Desktop,12/11/17
/pubs/reports/pub86/pub86.pdf,/wp-content/uploads/sites/6/pub86.pdf,301,,12/2/17,Not found,Desktop,12/3/17
/pubs/reports/reports/pub86/pub86.pdf,/wp-content/uploads/sites/6/pub86.pdf,301,,12/1/17,Not found,Desktop,12/15/17
/pubs/reports/reports/pub87/pub87.pdf,/wp-content/uploads/sites/6/pub87.pdf,301,,12/1/17,Not found,Desktop,12/13/17
/pubs/reports/pub88/pub88.pdf,/wp-content/uploads/sites/6/pub88.pdf,301,,12/2/17,Not found,Desktop,12/4/17
/pubs/reports/reports/pub88/pub88.pdf,/wp-content/uploads/sites/6/pub88.pdf,301,,12/1/17,Not found,Desktop,12/4/17
/pubs/reports/pub89/pub89.pdf,/wp-content/uploads/sites/6/pub89.pdf,301,,11/30/17,Not found,Desktop,12/14/17
/pubs/reports/reports/pub89/pub89.pdf,/wp-content/uploads/sites/6/pub89.pdf,301,,12/2/17,Not found,Desktop,12/3/17
/pubs/reports/pub90/pub90.pdf,/wp-content/uploads/sites/6/pub90.pdf,301,,11/28/17,Not found,Desktop,12/10/17
/pubs/reports/reports/pub90/pub90.pdf,/wp-content/uploads/sites/6/pub90.pdf,301,,12/1/17,Not found,Desktop,12/4/17
/pubs/reports/reports/pub91/pub91.pdf,/wp-content/uploads/sites/6/pub91.pdf,301,,12/1/17,Not found,Desktop,12/1/17
/pubs/reports/pub92/pub92.pdf,/wp-content/uploads/sites/6/pub92.pdf,301,,12/1/17,Not found,Desktop,12/17/17
/pubs/reports/pub92/pub92.pdf/at_download/file,/wp-content/uploads/sites/6/pub92.pdf,301,,12/12/17,Not found,Desktop,12/12/17
/pubs/reports/reports/pub92/pub92.pdf,/wp-content/uploads/sites/6/pub92.pdf,301,,12/2/17,Not found,Desktop,12/9/17
/pubs/reports/pub93/pub93.pdf,/wp-content/uploads/sites/6/pub93.pdf,301,,12/1/17,Not found,Desktop,12/5/17
/pubs/reports/reports/pub93/pub93.pdf,/wp-content/uploads/sites/6/pub93.pdf,301,,12/3/17,Not found,Desktop,12/4/17
/pubs/reports/pub94/pub94.pdf,/wp-content/uploads/sites/6/pub94.pdf,301,,11/30/17,Not found,Desktop,12/15/17
/pubs/reports/reports/pub94/pub94.pdf,/wp-content/uploads/sites/6/pub94.pdf,301,,11/30/17,Not found,Desktop,12/2/17
/pubs/reports/pub95/pub95.pdf,/wp-content/uploads/sites/6/pub95.pdf,301,,11/30/17,Not found,Desktop,12/9/17
/pubs/reports/pub96/pub96.pdf,/wp-content/uploads/sites/6/pub96.pdf,301,,12/1/17,Not found,Desktop,12/2/17
/pubs/reports/reports/pub96/pub96.pdf,/wp-content/uploads/sites/6/pub96.pdf,301,,11/30/17,Not found,Desktop,12/12/17
/pubs/reports/pub97/pub97.pdf,/wp-content/uploads/sites/6/pub97.pdf,301,,12/1/17,Not found,Desktop,12/3/17
/pubs/reports/pub98/pub98.pdf,/wp-content/uploads/sites/6/pub98.pdf,301,,11/28/17,Not found,Desktop,12/3/17
/pubs/reports/reports/pub98/pub98.pdf,/wp-content/uploads/sites/6/pub98.pdf,301,,12/1/17,Not found,Desktop,12/1/17
/pubs/reports/reports/pub99/pub99.pdf,/wp-content/uploads/sites/6/pub99.pdf,301,,12/1/17,Not found,Desktop,12/3/17
/pubs/reports/pub99/pub99.pdf,/wp-content/uploads/sites/6/pub99.pdf,404,,12/1/17,Not found,Desktop,12/2/17
/pubs/reports/publ00/publ00.pdf,/wp-content/uploads/sites/6/publ00.pdf,301,,12/14/17,Not found,Smartphone,12/14/17
/pubs/reports/pub167/RDM.pdf,/wp-content/uploads/sites/6/RDM.pdf,301,,11/29/17,Not found,Desktop,12/12/17
/pubs/reports/pub167/RDM.pdf?elqTrackId=74f24542107041b4bbabac1d0bac697b&elqaid=4502&elqat=2,/wp-content/uploads/sites/6/RDM.pdf,301,,12/15/17,Not found,Smartphone,12/15/17
/pubs/reports/pub167/RDM.pdf?word=most+innovative+universities,/wp-content/uploads/sites/6/RDM.pdf?word=most+innovative+universities,301,,12/15/17,Not found,Smartphone,12/15/17
/pubs/reports/pub159/report-cover.pdf,/wp-content/uploads/sites/6/report-cover.pdf,301,,12/1/17,Not found,Desktop,12/1/17
/pubs/reports/pub83/statlab/rprr9209.sas,/wp-content/uploads/sites/6/rprr9209.sas,301,,12/2/17,Not found,Desktop,12/2/17
/pubs/reports/reports/pub139/RWWLall.pdf,/wp-content/uploads/sites/6/RWWLall.pdf,301,,12/2/17,Not found,Desktop,12/11/17
/pubs/reports/pub169/shenetal.pdf,/wp-content/uploads/sites/6/shenetal.pdf,301,,11/28/17,Not found,Desktop,11/30/17
/pubs/reports/pub169/spence,/wp-content/uploads/sites/6/spence.pdf,301,,12/1/17,Not found,Desktop,12/2/17
/pubs/reports/spiro/spiro_Jan13.pdf,/wp-content/uploads/sites/6/spiro_Jan13.pdf,301,,11/29/17,Not found,Desktop,12/17/17
/pubs/reports/spiro/spiro/spiro_Jan13.pdf,/wp-content/uploads/sites/6/spiro_Jan13.pdf,301,,11/30/17,Not found,Desktop,12/6/17
/pubs/reports/pub83/statlab/spread2.sas,/wp-content/uploads/sites/6/spread2.sas,301,,12/2/17,Not found,Desktop,12/13/17
/pubs/reports/reports/pub147/sumBaralt.pdf,/wp-content/uploads/sites/6/sumBaralt.pdf,301,,12/2/17,Not found,Desktop,12/13/17
/pubs/reports/reports/pub147/sumGevinson.pdf,/wp-content/uploads/sites/6/sumGevinson.pdf,301,,12/1/17,Not found,Desktop,12/1/17
/pubs/reports/reports/pub147/sumIntro.pdf,/wp-content/uploads/sites/6/sumIntro.pdf,301,,12/1/17,Not found,Desktop,12/2/17
/pubs/reports/reports/pub147/sumSoler.pdf,/wp-content/uploads/sites/6/sumSoler.pdf,301,,12/2/17,Not found,Desktop,12/11/17
/pubs/reports/pub167/survey.pdf,/wp-content/uploads/sites/6/survey.pdf,301,,12/1/17,Not found,Desktop,12/4/17
/pubs/reports/pub110/pdftables_amy/PDF3/T-117-263.pdf,/wp-content/uploads/sites/6/T-117-263.pdf,301,,12/3/17,Not found,Desktop,12/3/17
/pubs/reports/pub110/pdftables_amy/PDF3/T-120-273.pdf/view,/wp-content/uploads/sites/6/T-120-273.pdf,301,,12/3/17,Not found,Desktop,12/3/17
/pubs/reports/pub110/pdftables_amy/PDF3/T-122-280.pdf/view,/wp-content/uploads/sites/6/T-122-280.pdf,301,,12/9/17,Not found,Desktop,12/9/17
/pubs/reports/pub110/pdftables_amy/PDF3/T-124-287.pdf,/wp-content/uploads/sites/6/T-124-287.pdf,301,,12/1/17,Not found,Desktop,12/2/17
/pubs/reports/pub110/pdftables_amy/PDF3/T-134-352.pdf,/wp-content/uploads/sites/6/T-134-352.pdf,301,,12/3/17,Not found,Desktop,12/3/17
/pubs/reports/pub110/pdftables_amy/PDF1/T-17-184.pdf,/wp-content/uploads/sites/6/T-17-184.pdf,301,,12/2/17,Not found,Desktop,12/2/17
/pubs/reports/pub110/pdftables_amy/PDF1/T-22-439.pdf,/wp-content/uploads/sites/6/T-22-439.pdf,301,,12/3/17,Not found,Desktop,12/3/17
/pubs/reports/pub110/pdftables_amy/PDF1/T-26-629.pdf,/wp-content/uploads/sites/6/T-26-629.pdf,301,,12/3/17,Not found,Desktop,12/3/17
/pubs/reports/pub110/pdftables_amy/PDF2/T-31-56.pdf,/wp-content/uploads/sites/6/T-31-56.pdf,301,,12/2/17,Not found,Desktop,12/2/17
/pubs/reports/pub110/pdftables_amy/PDF1/T-4-658.pdf,/wp-content/uploads/sites/6/T-4-658.pdf,301,,12/1/17,Not found,Desktop,12/2/17
/pubs/reports/pub110/pdftables_amy/PDF2/T-62-589.pdf/view,/wp-content/uploads/sites/6/T-62-589.pdf,301,,12/14/17,Not found,Desktop,12/14/17
/pubs/reports/pub110/pdftables_amy/PDF2/T-64-591.pdf/view,/wp-content/uploads/sites/6/T-64-591.pdf,301,,12/2/17,Not found,Desktop,12/2/17
/pubs/reports/pub110/pdftables_amy/PDF2/T-65-592.pdf,/wp-content/uploads/sites/6/T-65-592.pdf,301,,11/29/17,Not found,Desktop,12/3/17
/pubs/reports/pub110/pdftables_amy/PDF3/T-68-61.pdf,/wp-content/uploads/sites/6/T-68-61.pdf,301,,12/8/17,Not found,Desktop,12/8/17
/pubs/reports/pub121/table3.jpg/image_view_fullscreen,/wp-content/uploads/sites/6/table3.jpg,301,,12/11/17,Not found,Desktop,12/11/17
/pubs/reports/pub121/table3.jpg/view,/wp-content/uploads/sites/6/table3.jpg,301,,12/9/17,Not found,Smartphone,12/9/17
/pubs/reports/pub122/table3b.pdf,/wp-content/uploads/sites/6/table3b.pdf,301,,12/2/17,Not found,Desktop,12/11/17
/pubs/reports/pub122/table4b.pdf,/wp-content/uploads/sites/6/table4b.pdf,301,,12/1/17,Not found,Desktop,12/4/17
/pubs/reports/pub122/table4c.pdf,/wp-content/uploads/sites/6/table4c.pdf,301,,12/2/17,Not found,Desktop,12/5/17
/pubs/reports/pub110/pdftables_amy/tablesall_amy.pdf,/wp-content/uploads/sites/6/tablesall_amy.pdf,301,,12/1/17,Not found,Desktop,12/3/17
/pubs/reports/pub167/trackless.pdf,/wp-content/uploads/sites/6/trackless.pdf,301,,11/30/17,Not found,Desktop,12/4/17
/pubs/reports/pub167/trackless.pdf/at_download/file,/wp-content/uploads/sites/6/trackless.pdf,301,,12/2/17,Not found,Desktop,12/8/17
/pubs/reports/trant04/tranttext.pdf,/wp-content/uploads/sites/6/tranttext.pdf,301,,11/29/17,Not found,Smartphone,11/29/17
/pubs/reports/pub169/tummino,/wp-content/uploads/sites/6/Tummino.pdf,301,,12/5/17,Not found,Desktop,12/12/17
/pubs/reports/pub169/tummino/at_download/file,/wp-content/uploads/sites/6/Tummino.pdf,301,,12/5/17,Not found,Desktop,12/6/17
/pubs/reports/pub174/zones.pdf,/wp-content/uploads/sites/6/zones.pdf,301,,12/1/17,Not found,Desktop,12/14/17
/pubs/reports/pub81-bouche,https://www.clir.org/pubs/reports/pub81/,301,,12/2/17,Not found,Desktop,12/2/17
/pubs/reports/pub83/statlab,https://www.clir.org/pubs/reports/pub83/,301,,12/2/17,Not found,Desktop,12/11/17
/pubs/reports/pub173/aapb-ndsr-host-application,https://www.clir.org/wp-content/uploads/sites/6/2017/10/pub173.pdf,301,,12/2/17,Not found,Desktop,12/12/17
/pubs/reports/pub173/dc-resident-application-2016-17,https://www.clir.org/wp-content/uploads/sites/6/2017/10/pub173.pdf,301,,12/1/17,Not found,Desktop,12/1/17
/pubs/reports/pub173/host-institution-commitment-checklist,https://www.clir.org/wp-content/uploads/sites/6/2017/10/pub173.pdf,301,,12/2/17,Not found,Desktop,12/11/17
/pubs/reports/pub173/ndsr-boston,https://www.clir.org/wp-content/uploads/sites/6/2017/10/pub173.pdf,301,,12/1/17,Not found,Desktop,12/2/17
/pubs/reports/pub173/ndsr-boston-expectations-and-opportunities,https://www.clir.org/wp-content/uploads/sites/6/2017/10/pub173.pdf,301,,12/2/17,Not found,Desktop,12/11/17
/pubs/reports/pub173/ndsr-dc-host-application-form,https://www.clir.org/wp-content/uploads/sites/6/2017/10/pub173.pdf,301,,12/2/17,Not found,Desktop,12/11/17
/pubs/reports/pub173/ndsr-dc-resident-application-form,https://www.clir.org/wp-content/uploads/sites/6/2017/10/pub173.pdf,301,,12/2/17,Not found,Desktop,12/11/17
/pubs/reports/pub173/ndsr-ny-orientation-manual,https://www.clir.org/wp-content/uploads/sites/6/2017/10/pub173.pdf,301,,12/2/17,Not found,Desktop,12/11/17
/pubs/reports/reports/pub152/LinkedDataWorkshop.pdf,wp-content/uploads/sites/6/LinkedDataWorkshop.pdf,301,,12/2/17,Not found,Desktop,12/2/17
/pubs/reports/pub105/contents.html/instr.pdf,wp-content/uploads/sites/6/instr.pdf,301,,12/8/17,Not found,Desktop,12/9/17
/pubs/reports/pub105/instr.pdf,wp-content/uploads/sites/6/instr.pdf,301,,12/1/17,Not found,Desktop,12/16/17
/pubs/reports/pub105/section2.html/instr.pdf,wp-content/uploads/sites/6/instr.pdf,301,,12/6/17,Not found,Desktop,12/8/17
/pubs/reports/pub105/section3.html/instr.pdf,wp-content/uploads/sites/6/instr.pdf,301,,12/4/17,Not found,Desktop,12/9/17
/pubs/reports/pub110/89158frame,/pubs/reports/pub110/,301,,12/12/17,Not found,Smartphone,12/12/17
/pubs/reports/pub152/Stanford%20Linked%20Data%20Workshop%20Report%20FINAL%20111024_files,/pubs/reports/pub152/,301,,12/2/17,Not found,Desktop,12/2/17
/pubs/reports/pub152/Stanford%20Linked%20Data%20Workshop%20Report%20FINAL%20111024_files/image004.png/image_view_fullscreen,/wp-content/uploads/sites/6/image004.png,301,,12/1/17,Not found,Desktop,12/2/17
/pubs/reports/pub152/Stanford%20Linked%20Data%20Workshop%20Report%20FINAL%20111024_files/image004.png/view,/wp-content/uploads/sites/6/image004.png,301,,12/1/17,Not found,Desktop,12/16/17
/pubs/reports/pub152/Stanford%20Linked%20Data%20Workshop%20Report%20FINAL%20111024_files/image006.png/view,/wp-content/uploads/sites/6/image006.png,301,,12/16/17,Not found,Desktop,12/16/17
/pubs/reports/pub152/Stanford%20Linked%20Data%20Workshop%20Report%20FINAL%20111024.htm,/pubs/reports/pub152/,301,,12/1/17,Not found,Desktop,12/2/17
/pubs/reports/pub62,/pubs/reports/conway2/,301,,12/16/17,Not found,Smartphone,12/16/17
/pubs/reports/reports/pub152/Stanford%20Linked%20Data%20Workshop%20Report%20FINAL%20111024.htm,/pubs/reports/pub152/,301,,12/2/17,Not found,Desktop,12/4/17