URL,,Response Code,News Error,Detected,Category,Platform,Last crawled
/@@sitemap,/sitemap.xml,301,,12/2/17,Not found,Desktop,12/6/17
/about/about-us,/about,404,,12/3/17,Not found,Desktop,12/4/17
/about/clir-brandmark/files,/about/clir-brandmark/,301,,12/7/17,Not found,Smartphone,12/7/17
/about/CLIR-logos,/about/clir-brandmark/,301,,12/1/17,Not found,Desktop,12/1/17
/about/clir%20map%20mini.jpg/image_view_fullscreen,,410,,12/2/17,Not found,Desktop,12/4/17
/about/goals,,410,,12/4/17,Not found,Smartphone,12/4/17
/about/HenryCV.pdf,/wp-content/uploads/sites/6/HenryCV.pdf,301,,11/30/17,Not found,Desktop,12/3/17
/about/HenryCV.pdf/at_download/file,/wp-content/uploads/sites/6/HenryCV.pdf,301,,12/2/17,Not found,Desktop,12/2/17
/about/history/CLRhistoryDM95.pdf,/wp-content/uploads/sites/6/CLRhistoryDM95.pdf,301,,12/1/17,Not found,Desktop,12/2/17
/about/images/infographic_hires.pdf,/wp-content/uploads/sites/6/infographic_hires.pdf,301,,12/2/17,Not found,Desktop,12/4/17
/about/images/infographic_hires.pdf/at_download/file,/wp-content/uploads/sites/6/infographic_hires.pdf,301,,12/5/17,Not found,Desktop,12/5/17
/about/images/infographic2.jpg/image_view_fullscreen,/wp-content/uploads/sites/6/Infographic2.jpg,404,,11/30/17,Not found,Desktop,11/30/17
/about/infographic,,410,,12/1/17,Not found,Desktop,12/5/17
/about/news/collabacademy,/2015/10/clir-webinar-collaboration-in-the-evolving-academy/,301,,12/1/17,Not found,Desktop,12/2/17
/about/news/curriculum-and-research-strategist,,404,,12/5/17,Not found,Desktop,12/7/17
/about/news/deadline-extension,,404,,12/2/17,Not found,Desktop,12/4/17
/about/news/king-lyon,,404,,12/2/17,Not found,Desktop,12/3/17
/about/news/pressrelease,,404,,12/3/17,Not found,Smartphone,12/3/17
/about/news/pressrelease/12anvil,,404,,12/1/17,Not found,Desktop,12/2/17
/about/news/pressrelease/12anviljackson,,404,,12/1/17,Not found,Desktop,12/4/17
/about/news/pressrelease/2012clir-vanderbilt,,404,,12/1/17,Not found,Desktop,12/4/17
/about/news/pressrelease/2012MellonFellows,,404,,12/1/17,Not found,Desktop,12/2/17
/about/news/pressrelease/2012mellongrant,,404,,12/2/17,Not found,Desktop,12/5/17
/about/news/pressrelease/2012newboard,,404,,12/1/17,Not found,Desktop,12/6/17
/about/news/pressrelease/2012peterson-fellow,,404,,12/1/17,Not found,Desktop,12/2/17
/about/news/pressrelease/2012pub153,,404,,12/1/17,Not found,Desktop,12/2/17
/about/news/pressrelease/2012zipf,,404,,12/1/17,Not found,Desktop,12/3/17
/about/news/pressrelease/2013_LCNRPP,,404,,12/2/17,Not found,Desktop,12/4/17
/about/news/pressrelease/2013HCawards,,404,,12/2/17,Not found,Desktop,12/5/17
/about/news/pressrelease/2013melfells,,404,,12/1/17,Not found,Desktop,12/3/17
/about/news/pressrelease/2014HCawards,,404,,11/30/17,Not found,Desktop,12/5/17
/about/news/pressrelease/2014mellon,,404,,12/1/17,Not found,Desktop,12/2/17
/about/news/pressrelease/2016DigHC,,404,,12/1/17,Not found,Desktop,12/2/17
/about/news/pressrelease/2016fellows,,404,,11/28/17,Not found,Desktop,12/1/17
/about/news/pressrelease/2016lci,,404,,12/1/17,Not found,Desktop,12/2/17
/about/news/pressrelease/a-splendid-torch,,404,,12/1/17,Not found,Desktop,12/3/17
/about/news/pressrelease/AnvilAcademic,,404,,12/1/17,Not found,Desktop,12/2/17
/about/news/pressrelease/audio-preservation-guide,,404,,12/1/17,Not found,Desktop,12/3/17
/about/news/pressrelease/ccsteering,,404,,12/3/17,Not found,Desktop,12/6/17
/about/news/pressrelease/clir-dlf-iipc,,404,,12/1/17,Not found,Desktop,12/2/17
/about/news/pressrelease/clir-names-new-postdoctoral-fellows-cohort-includes-clir-dlf-data-curation-postdoctoral-fellows,,404,,12/1/17,Not found,Desktop,12/2/17
/about/news/pressrelease/CLIR%20DLF%20Announce%20Data%20Curation%20Fellowships,,404,,11/29/17,Not found,Desktop,12/3/17
/about/news/pressrelease/clirlogo.png/image_view_fullscreen,,404,,12/2/17,Not found,Desktop,12/4/17
/about/news/pressrelease/coherence-new-members,,404,,12/1/17,Not found,Desktop,12/2/17
/about/news/pressrelease/datacurationhosts,,404,,12/1/17,Not found,Desktop,12/2/17
/about/news/pressrelease/DHCaward,,404,,12/1/17,Not found,Desktop,12/2/17
/about/news/pressrelease/dlf-advisorycommittee,,404,,11/29/17,Not found,Desktop,11/30/17
/about/news/pressrelease/DLFnowviskie,,404,,12/1/17,Not found,Desktop,12/8/17
/about/news/pressrelease/DLFSxSWi,,404,,12/1/17,Not found,Desktop,12/2/17
/about/news/pressrelease/dlme-planning,,404,,11/30/17,Not found,Desktop,12/2/17
/about/news/pressrelease/ESCI-2014,,404,,12/1/17,Not found,Desktop,12/2/17
/about/news/pressrelease/escience-inst,,404,,12/1/17,Not found,Desktop,12/2/17
/about/news/pressrelease/HannahRasmussen,,404,,12/1/17,Not found,Desktop,12/4/17
/about/news/pressrelease/hc-callforproposals,,404,,12/1/17,Not found,Desktop,12/14/17
/about/news/pressrelease/HC2012,,404,,12/2/17,Not found,Desktop,12/5/17
/about/news/pressrelease/HC2015app,,404,,12/2/17,Not found,Desktop,12/5/17
/about/news/pressrelease/HCsymposium,,404,,12/2/17,Not found,Desktop,12/5/17
/about/news/pressrelease/images/bess-sadler/view,,404,,12/2/17,Not found,Desktop,12/6/17
/about/news/pressrelease/images/patricia-hswe/view,,404,,12/3/17,Not found,Desktop,12/16/17
/about/news/pressrelease/images/pub170cover/view,,404,,12/2/17,Not found,Desktop,12/4/17
/about/news/pressrelease/images/three-logos-500/view,,404,,12/1/17,Not found,Desktop,12/1/17
/about/news/pressrelease/imls-grant,,404,,12/1/17,Not found,Desktop,12/3/17
/about/news/pressrelease/king-nitle,,404,,11/30/17,Not found,Desktop,12/2/17
/about/news/pressrelease/latinamerican-caribbean-fellowships,,404,,12/1/17,Not found,Desktop,12/6/17
/about/news/pressrelease/LCI-2017,,404,,12/1/17,Not found,Desktop,12/3/17
/about/news/pressrelease/lci2015,,404,,12/1/17,Not found,Desktop,12/2/17
/about/news/pressrelease/libpublisher,,404,,11/30/17,Not found,Desktop,11/30/17
/about/news/pressrelease/melfell2016,,404,,12/1/17,Not found,Desktop,12/7/17
/about/news/pressrelease/mellon-operating-grant,,404,,12/1/17,Not found,Desktop,12/2/17
/about/news/pressrelease/michael-edson,,404,,12/1/17,Not found,Desktop,12/2/17
/about/news/pressrelease/molly-broad,,404,,12/1/17,Not found,Desktop,12/2/17
/about/news/pressrelease/museum-images,,404,,11/29/17,Not found,Desktop,12/3/17
/about/news/pressrelease/ndsa,,404,,12/2/17,Not found,Desktop,12/5/17
/about/news/pressrelease/new_board,,404,,12/1/17,Not found,Desktop,12/2/17
/about/news/pressrelease/NITLE-AC,,404,,12/1/17,Not found,Desktop,12/4/17
/about/news/pressrelease/nowviskie,,404,,12/1/17,Not found,Desktop,12/2/17
/about/news/pressrelease/openlab,,404,,12/1/17,Not found,Desktop,12/2/17
/about/news/pressrelease/opgrant,,404,,12/1/17,Not found,Desktop,12/3/17
/about/news/pressrelease/postdoc-collab,,404,,12/1/17,Not found,Desktop,12/3/17
/about/news/pressrelease/qnl-clir-mou,,404,,11/29/17,Not found,Desktop,12/16/17
/about/news/pressrelease/RachelFrick_DPLA,,404,,12/1/17,Not found,Desktop,12/2/17
/about/news/pressrelease/rar-pilot-application,,404,,12/1/17,Not found,Desktop,12/4/17
/about/news/pressrelease/rar2,,404,,11/28/17,Not found,Desktop,12/3/17
/about/news/pressrelease/sloan-data-curation-award,,404,,12/3/17,Not found,Desktop,12/14/17
/about/news/pressrelease/stephen-nichols,,404,,12/1/17,Not found,Desktop,12/2/17
/about/news/pressrelease/VanDuinen,,404,,12/1/17,Not found,Desktop,12/7/17
/about/positions/program_officer_scholarly_resources,,404,,12/1/17,Not found,Desktop,12/2/17
/about/pubs/abstract/pub137abst,/pubs/reports/pub137,301,,12/4/17,Not found,Smartphone,12/4/17
/about/pubs/archives/schmitz.pdf,/wp-content/uploads/sites/6/schmitz.pdf,404,,12/4/17,Not found,Desktop,12/4/17
/about/staff/images/Adam-11-15/download,/wp-content/uploads/sites/6/Adam-web-11-15.jpg,404,,12/1/17,Not found,Desktop,12/1/17
/about/staff/images/Adam-11-15/view,/wp-content/uploads/sites/6/Adam-web-11-15.jpg,404,,12/1/17,Not found,Desktop,12/1/17
/about/staff/images/brian3.jpg/view,,404,,12/2/17,Not found,Desktop,12/2/17
/about/staff/images/louisa2.jpg/view,,404,,12/2/17,Not found,Desktop,12/5/17
/about/staff/images/louisa4.jpg/image_view_fullscreen,,404,,12/3/17,Not found,Desktop,12/13/17
/about/staff/images/louisa4.jpg/view,,404,,12/1/17,Not found,Desktop,12/1/17
/about/staff/images/Quon/view,,404,,12/1/17,Not found,Desktop,12/2/17
/about/staff/images/rachel3.jpg/view,,404,,12/1/17,Not found,Desktop,12/2/17
/activities/activities-completed,,404,,12/1/17,Not found,Smartphone,12/1/17
/activities/digitalscholar/Nov28final.pdf,,404,,11/28/17,Not found,Desktop,12/9/17
/activities/digitalscholar2/crane11_11.pdf,,404,,12/1/17,Not found,Desktop,12/2/17
/activities/digitalscholar2/friedlander.pdf,,404,,12/2/17,Not found,Desktop,12/4/17
/activities/digitalscholar2/levander11_11.pdf,,404,,12/2/17,Not found,Desktop,12/2/17
/activities/digitalscholar2/stone11_11.pdf,,404,,12/3/17,Not found,Desktop,12/4/17
/activities/digitalscholar2/zorich.pdf,,404,,11/29/17,Not found,Desktop,12/2/17
/connect/blogs,http://connect.clir.org/blogs,404,,12/2/17,Not found,Desktop,12/2/17
/connect/job-connect,http://connect.clir.org/communities/community-home/digestviewer?ListKey=85bd7d10-8ea9-4ca7-a2b3-c5633253e174&CommunityKey=8478483b-92f5-49e3-9901-ba3a03d0722e,404,,11/28/17,Not found,Desktop,12/4/17
/diglib/dlfhompage.htm,https://www.diglib.org/about/,404,,12/1/17,Not found,Smartphone,12/1/17
/diglib/presentations/ssp/sld001.htm,,404,,12/3/17,Not found,Smartphone,12/3/17
/dlf/about-the-dlf,https://www.diglib.org/about/,404,,12/2/17,Not found,Desktop,12/5/17
/dlf/collaborations/centernet,,404,,12/1/17,Not found,Desktop,12/2/17
/dlf/collaborations/community,,404,,12/2/17,Not found,Desktop,12/17/17
/dlf/collaborations/curatecamp,,404,,12/2/17,Not found,Desktop,12/17/17
/dlf/collaborations/mets-editorial-board,,404,,12/1/17,Not found,Desktop,12/2/17
/dlf/contact,https://www.diglib.org/,404,,12/7/17,Not found,Desktop,12/7/17
/dlf/dlf-logo.png/image_view_fullscreen,,404,,12/1/17,Not found,Desktop,12/16/17
/dlf/dlf-members-1,https://www.diglib.org/about/members/,404,,12/1/17,Not found,Desktop,12/1/17
/dlf/forum,https://www.diglib.org/dlf-events/past/,404,,11/30/17,Not found,Desktop,12/9/17
/dlf/interest,https://www.diglib.org/groups/,404,,12/2/17,Not found,Desktop,12/7/17
/dlf/past-initiatives/dpla-beta-sprint,,404,,12/1/17,Not found,Desktop,12/11/17
/dlf/past-initiatives/dpla-workstream,,404,,12/1/17,Not found,Desktop,12/1/17
/dlf/past-initiatives/registry-of-digmasters,,404,,12/1/17,Not found,Desktop,12/2/17
/dlf/past-initiatives/service-frameworks,,404,,12/2/17,Not found,Desktop,12/12/17
/dlf/past-initiatives/tei-libraries-sig,,404,,12/1/17,Not found,Desktop,12/1/17
/dlf/website,https://www.diglib.org/,404,,11/29/17,Not found,Desktop,12/3/17
/feedback,,404,,12/2/17,Not found,Smartphone,12/2/17
/fellowships/datacuration-old,,404,,12/1/17,Not found,Desktop,12/2/17
/fellowships/datacuration-old/data-curation-host-flyer-september-2012/view,,404,,12/2/17,Not found,Desktop,12/2/17
/fellowships/datacuration-old/for-prospective-hosts,,404,,12/5/17,Not found,Desktop,12/5/17
/fellowships/datacuration-old/summer-2012-seminar-agenda,,404,,12/5/17,Not found,Desktop,12/5/17
/fellowships/datacuration-old/University%20of%20California-Los%20Angeles,,404,,12/2/17,Not found,Desktop,12/2/17
/fellowships/digitizing-hidden-special-collections-and-archives,/hiddencollections/,404,,12/2/17,Not found,Desktop,12/4/17
/fellowships/digitizing-hidden-special-collections-and-archives/registry,,404,,12/2/17,Not found,Desktop,12/4/17
/fellowships/mellon/CLIRDirectDepositForm/at_download/file,,404,,12/2/17,Not found,Desktop,12/2/17
/fellowships/mellon/CLIRreimburseForm.xls/view,,404,,12/2/17,Not found,Desktop,12/12/17
/fellowships/mellon/CLIRStipendDisburseForm/view,,404,,12/1/17,Not found,Desktop,12/2/17
/fellowships/mellon/MelFelAppOutline.pdf,,404,,12/1/17,Not found,Smartphone,12/1/17
/fellowships/mellon/mellon-fellows-video/view,,404,,12/2/17,Not found,Desktop,12/2/17
/fellowships/mellon/recipients.html/CLIR_travel_policy.pdf,,404,,12/2/17,Not found,Desktop,12/2/17
/fellowships/mellon/recipients.html/MellonStipendDisburseForm.doc,,404,,11/29/17,Not found,Smartphone,11/29/17
/fellowships/mellon/recipients.html/post-fellowship-agenda,,404,,12/2/17,Not found,Desktop,12/11/17
/fellowships/mellon/recipients.html/post-fellowship-agenda/at_download/file,,404,,12/12/17,Not found,Desktop,12/12/17
/fellowships/peterson-fellowship/peterson-fellowship-details,,404,,12/2/17,Not found,Desktop,12/2/17
/fellowships/postdoc-old/postdocflyer12.pdf,,404,,11/27/17,Not found,Smartphone,11/27/17
/fellowships/postdoc/applicants/AppersonandSchaefer_800px.jpg/view,,404,,12/2/17,Not found,Desktop,12/2/17
/fellowships/postdoc/applicants/asu2013,,404,,12/1/17,Not found,Desktop,12/2/17
/fellowships/postdoc/applicants/cdl2013,,404,,12/2/17,Not found,Desktop,12/15/17
/fellowships/postdoc/applicants/chinese-university-of-hong-kong,,404,,12/1/17,Not found,Desktop,12/2/17
/fellowships/postdoc/applicants/dc-science,,404,,12/1/17,Not found,Desktop,12/5/17
/fellowships/postdoc/applicants/duke-university-1,,404,,12/1/17,Not found,Desktop,12/1/17
/fellowships/postdoc/applicants/GSU.png/view,,404,,11/29/17,Not found,Desktop,11/29/17
/fellowships/postdoc/applicants/middlebury-college-1,,404,,12/1/17,Not found,Desktop,12/3/17
/fellowships/postdoc/applicants/positions-all,,404,,12/2/17,Not found,Desktop,12/11/17
/fellowships/postdoc/applicants/positions-old,,404,,12/2/17,Not found,Desktop,12/2/17
/fellowships/postdoc/applicants/postdocflyer13mdvl.pdf/view,,404,,12/1/17,Not found,Desktop,12/11/17
/fellowships/postdoc/applicants/smith-college-1,,404,,12/1/17,Not found,Desktop,12/3/17
/fellowships/postdoc/applicants/swarthmore_upa2015,,404,,12/1/17,Not found,Desktop,12/2/17
/fellowships/postdoc/applicants/university-of-buffalo,,404,,12/2/17,Not found,Desktop,12/10/17
/fellowships/postdoc/applicants/usd2015,,404,,12/2/17,Not found,Desktop,12/11/17
/fellowships/postdoc/AViewoftheParade.pdf,,404,,12/9/17,Not found,Desktop,12/9/17
/fellowships/postdoc/AViewoftheParade.pdf/at_download/file,,404,,12/7/17,Not found,Desktop,12/9/17
/fellowships/postdoc/data-curation-host-flyer-september-2012/at_download/file,,404,,12/1/17,Not found,Desktop,12/1/17
/fellowships/postdoc/hosts/dc-science,,404,,12/1/17,Not found,Desktop,12/4/17
/fellowships/postdoc/hosts/host-application-earlymodern,,404,,11/30/17,Not found,Desktop,11/30/17
/fellowships/postdoc/hosts/host-application-earlymodern/data-curation-in-earlymodern-studies-proposal-form-template,,404,,12/1/17,Not found,Desktop,12/1/17
/fellowships/postdoc/hosts/host-application-medieval,,404,,12/2/17,Not found,Desktop,12/2/17
/fellowships/postdoc/hosts/host-application-sciences,,404,,11/30/17,Not found,Desktop,12/1/17
/fellowships/postdoc/img,,404,,12/1/17,Not found,Desktop,12/3/17
/fellowships/postdoc/img/AlpertAbrams.jpg/view,,404,,11/29/17,Not found,Desktop,11/29/17
/fellowships/postdoc/img/emory11_clip_image002.png/image_view_fullscreen,,404,,12/16/17,Not found,Desktop,12/16/17
/fellowships/postdoc/img/Felima.jpg/view,,404,,12/1/17,Not found,Desktop,12/1/17
/fellowships/postdoc/img/Finn.jpg/view,,404,,12/1/17,Not found,Desktop,12/2/17
/fellowships/postdoc/img/Galarza.jpg/view,,404,,12/1/17,Not found,Desktop,12/1/17
/fellowships/postdoc/img/Gauthereau.jpg/view,,404,,12/2/17,Not found,Desktop,12/2/17
/fellowships/postdoc/img/MBrunner2012_b.jpg/view,,404,,12/7/17,Not found,Desktop,12/7/17
/fellowships/postdoc/img/raabe.jpg/view,,404,,12/3/17,Not found,Desktop,12/3/17
/fellowships/postdoc/img/Tai.jpg/view,,404,,12/1/17,Not found,Desktop,12/2/17
/fellowships/postdoc/img/watson.jpg/view,,404,,12/1/17,Not found,Desktop,12/1/17
/fellowships/postdoc/img/WermerColan.jpg/view,,404,,11/29/17,Not found,Desktop,11/29/17
/fellowships/postdoc/info/dc-science,,404,,12/1/17,Not found,Desktop,12/2/17
/fellowships/postdoc/info/Ecologies/view,,404,,12/2/17,Not found,Desktop,12/11/17
/fellowships/postdoc/info/Ecologies650/view,,404,,12/1/17,Not found,Desktop,12/1/17
/fellowships/postdoc/postdocflyer2014.pdf/at_download/file,,404,,12/2/17,Not found,Desktop,12/2/17
/fellowships/postdoc/postdocflyer2014.pdf/view,,404,,11/29/17,Not found,Desktop,11/29/17
/fellowships/postdoc/recipients/2015pfpsummersched.pdf,,404,,12/1/17,Not found,Desktop,12/1/17
/fellowships/postdoc/recipients/clir-postdoc-research-reimbursement-form/view,,404,,12/1/17,Not found,Desktop,12/1/17
/fellowships/postdoc/recipients/clir-postdoc-travel-reimbursement-form,,404,,12/1/17,Not found,Desktop,12/1/17
/fellowships/postdoc/recipients/CLIRPostdocTravelReimbursementForm.xls,,404,,12/1/17,Not found,Desktop,12/3/17
/fellowships/postdoc/recipients/CLIRPostdocTravelReimbursementForm.xls/view,,404,,12/1/17,Not found,Desktop,12/1/17
/fellowships/postdoc/recipients/Financialreportingtemplate_postdoc.xlsx,,404,,12/1/17,Not found,Desktop,12/3/17
/fellowships/postdoc/recipients/summer-2013-seminar-agenda,,404,,12/1/17,Not found,Desktop,12/1/17
/fellowships/postdoc/recipients/summer-seminar-agenda-2015,,404,,12/2/17,Not found,Desktop,12/2/17
/fellowships/postdoc/teaching-by-the-book,,404,,11/28/17,Not found,Desktop,12/12/17
/fellowships/postdoc/unt11,,404,,11/29/17,Not found,Smartphone,11/29/17
/fellowships/zipf,,410,,11/30/17,Not found,Desktop,12/4/17
/fellowships/zipf/Zipf12flyer.pdf,,410,,12/12/17,Not found,Desktop,12/12/17
/fellowships/zipf/Zipf12flyer.pdf/at_download/file,,410,,12/2/17,Not found,Desktop,12/11/17
/fellowships/zipf/Zipf12flyer.pdf/view,,410,,12/1/17,Not found,Desktop,12/1/17
/forms,,404,,12/1/17,Not found,Desktop,12/1/17
/forms/CLIR_Reimbursement_Form.xlsx,,404,,11/30/17,Not found,Desktop,12/3/17
/forms/clir_travel_policy,,404,,11/30/17,Not found,Desktop,12/2/17
/forms/clir_travel_policy/at_download/file,,404,,12/3/17,Not found,Desktop,12/4/17
/forms/indirect-costs/at_download/file,,404,,12/4/17,Not found,Desktop,12/4/17
/forms/job_application,,404,,12/2/17,Not found,Desktop,12/17/17
/forms/payment.pdf/at_download/file,,404,,12/1/17,Not found,Desktop,12/1/17
/globaldigitallibraries/projects,,404,,12/1/17,Not found,Smartphone,12/1/17
/hiddencollections/2015-symposium-unconference/AllHistoryisLocalExpandingAccesstoAmericanJewishArchivalCollections.pdf,,404,,12/2/17,Not found,Desktop,12/2/17
/hiddencollections/2015-symposium-unconference/AutomatingComplexEADFindingAidsfortheNDPA.pdf/at_download/file,,404,,12/1/17,Not found,Desktop,12/1/17
/hiddencollections/2015-symposium-unconference/CollaborationandEducationEngagingHighSchoolStudentswithEACCPFResearch.pdf/at_download/file,,404,,12/2/17,Not found,Desktop,12/2/17
/hiddencollections/2015-symposium-unconference/copy_of_SuccessBeyondAccessCLIRingtheWay.pdf,,404,,12/3/17,Not found,Desktop,12/3/17
/hiddencollections/2015-symposium-unconference/copy3_of_AutomatingComplexEADFindingAidsfortheNDPA.pdf,,404,,12/1/17,Not found,Desktop,12/1/17
/hiddencollections/2015-symposium-unconference/GrinnelltoGUIDsConnectingNaturalScienceArchivesandSpecimens.pdf,,404,,12/16/17,Not found,Desktop,12/16/17
/hiddencollections/2015-symposium-unconference/LIVINGDONORSANDARCHIVESposter.pdf,,404,,12/2/17,Not found,Desktop,12/3/17
/hiddencollections/2015-symposium-unconference/McNally_UB_poster.pdf,,404,,12/1/17,Not found,Desktop,12/2/17
/hiddencollections/2015-symposium-unconference/participant-list/participant-list-full,,404,,11/30/17,Not found,Desktop,12/2/17
/hiddencollections/2015-symposium-unconference/participant-list/participant-list-full/at_download/file,,404,,12/2/17,Not found,Desktop,12/2/17
/hiddencollections/2015-symposium-unconference/participant-list/participant-list-unconference,,404,,11/28/17,Not found,Desktop,11/28/17
/hiddencollections/2015-symposium-unconference/Patty_germanposters.pdf,,404,,12/1/17,Not found,Desktop,12/1/17
/hiddencollections/2015-symposium-unconference/SymposiumPaper03252015FINAL.pdf,,404,,12/3/17,Not found,Desktop,12/6/17
/hiddencollections/2015-symposium-unconference/SymposiumPaper03252015FINAL.pdf/at_download/file,,404,,12/6/17,Not found,Desktop,12/6/17
/hiddencollections/2015-symposium-unconference/TheBenefitsofPlanningCatalogingtheVerticalFilesoftheAntonBreesCarillonLibrary.pdf,,404,,12/1/17,Not found,Desktop,12/2/17
/hiddencollections/2015-symposium-unconference/TheChurchillWeaversCollectionAnAmericanTreasureUncovered.pdf/at_download/file,,404,,12/2/17,Not found,Desktop,12/2/17
/hiddencollections/2015-symposium-unconference/THEDECEASEDPREACHESHISOWNEULOGY.pdf,,404,,12/1/17,Not found,Desktop,12/1/17
/hiddencollections/2015-symposium-unconference/ThePracticeofPrivacy.pdf,,404,,12/1/17,Not found,Desktop,12/1/17
/hiddencollections/2015-symposium-unconference/YellowstoneEPoster2015.pdf,,404,,12/1/17,Not found,Desktop,12/1/17
/hiddencollections/about-the-program,/hiddencollections/program-history/,404,,11/30/17,Not found,Desktop,12/13/17
/hiddencollections/applicants/2017HiddenCollectionsApplicantWebinarQA.docx,,404,,12/5/17,Not found,Desktop,12/6/17
/hiddencollections/applicants/Applicant_Webinar_2017.pptx,,404,,12/1/17,Not found,Desktop,12/1/17
/hiddencollections/applicants/applicant-documents,,404,,12/1/17,Not found,Desktop,12/1/17
/hiddencollections/applicants/applicant-documents/dhc-subcontractor-guidelines,,404,,12/2/17,Not found,Desktop,12/5/17
/hiddencollections/applicants/applicant-documents/dhc-subcontractor-guidelines/at_download/file,,404,,12/5/17,Not found,Desktop,12/5/17
/hiddencollections/applicants/applicant-documents/dhcapplicantsubcontractorguidelines,,404,,12/1/17,Not found,Desktop,12/9/17
/hiddencollections/applicants/applicant-documents/dhclistofcollections,,404,,12/1/17,Not found,Desktop,12/1/17
/hiddencollections/applicants/applicant-documents/dhcproposalcoversheet.pdf,,404,,12/1/17,Not found,Desktop,12/2/17
/hiddencollections/applicants/applicant-documents/dhcreviewerquestions.pdf,,404,,12/1/17,Not found,Desktop,12/1/17
/hiddencollections/applicants/applicant-documents/model-ip-agreement,,404,,12/1/17,Not found,Desktop,12/14/17
/hiddencollections/applicants/applicantguidelines.html/applicant-documents/dhcapplicantsubcontractorguidelines,,404,,12/2/17,Not found,Desktop,12/2/17
/hiddencollections/applicants/applicantguidelines.html/applicant-documents/dhclistofcollections,,404,,12/2/17,Not found,Desktop,12/4/17
/hiddencollections/applicants/applicantguidelines.html/applicant-documents/model-ip-agreement,,404,,12/2/17,Not found,Desktop,12/4/17
/hiddencollections/applicants/applicantguidelines.html/MultiplePartyContentandDigitalFilesTEMPLATECLIR.docx,,404,,12/1/17,Not found,Desktop,12/2/17
/hiddencollections/applicants/applicantguidelines.html/registry,,404,,12/5/17,Not found,Desktop,12/5/17
/hiddencollections/applicants/applicants.html/samplefpapp.pdf,,404,,11/29/17,Not found,Smartphone,11/29/17
/hiddencollections/applicants/awards/for-2015,,404,,12/9/17,Not found,Desktop,12/9/17
/hiddencollections/applicants/budget-detail-new,,404,,12/2/17,Not found,Desktop,12/2/17
/hiddencollections/applicants/clir-staff-presentations,,404,,12/2/17,Not found,Desktop,12/2/17
/hiddencollections/applicants/clir-staff-presentations/2016-applicant-webinar-presentation-slides,,404,,12/1/17,Not found,Desktop,12/2/17
/hiddencollections/applicants/clir-staff-presentations/LUCKO_WILLIFORD_MARAC102011_notes.pdf,,404,,12/1/17,Not found,Desktop,12/1/17
/hiddencollections/applicants/clir-staff-presentations/LUCKO_WILLIFORD_MARAC102011.pdf/view,,404,,11/30/17,Not found,Desktop,11/30/17
/hiddencollections/applicants/clir-staff-presentations/WILLIFORD_CLIR_westernroundup.pdf,,404,,11/30/17,Not found,Desktop,11/30/17
/hiddencollections/applicants/ErieCanalMuseumWard_3173149_Redacted.pdf,,404,,12/1/17,Not found,Desktop,12/2/17
/hiddencollections/applicants/ErieCanalMuseumWard_3173149_Redacted.pdf/at_download/file,,404,,12/2/17,Not found,Desktop,12/4/17
/hiddencollections/applicants/guidelines/,,404,,12/8/17,Not found,Smartphone,12/8/17
/hiddencollections/applicants/institutional-letter-of-support-cover-sheet,,404,,12/2/17,Not found,Desktop,12/5/17
/hiddencollections/applicants/LehighUniversityLindermanLibraryBlack_3173130_Redacted.pdf,,404,,12/1/17,Not found,Desktop,12/2/17
/hiddencollections/applicants/NortheastHistoricFilmCarlson_3990486_Redacted.pdf,,404,,12/1/17,Not found,Desktop,12/1/17
/hiddencollections/applicants/NortheastHistoricFilmCarlson_3990486_Redacted.pdf/at_download/file,,404,,12/1/17,Not found,Desktop,12/1/17
/hiddencollections/applicants/registry,http://registry.clir.org,301,,12/5/17,Not found,Desktop,12/6/17
/hiddencollections/applicants/related-grant-programs,,404,,12/2/17,Not found,Desktop,12/14/17
/hiddencollections/applicants/related-grant-programs/,,404,,12/1/17,Not found,Desktop,12/16/17
/hiddencollections/applicants/related-grant-programs/general-advice,,404,,11/30/17,Not found,Desktop,12/9/17
/hiddencollections/applicants/reviewer-questions-2016,,404,,12/5/17,Not found,Desktop,12/5/17
/hiddencollections/applicants/sample-proposals/CHS_Proposal2008.pdf,,404,,11/30/17,Not found,Desktop,11/30/17
/hiddencollections/applicants/sample-proposals/FrayAngelico_Proposal2011.pdf/at_download/file,,404,,12/2/17,Not found,Desktop,12/3/17
/hiddencollections/applicants/sample-proposals/george-washington-university-2013-example-proposal,,404,,12/2/17,Not found,Desktop,12/2/17
/hiddencollections/applicants/service-provider-information/SUL-digitization-services-brochure/at_download/file,,404,,12/1/17,Not found,Desktop,12/3/17
/hiddencollections/applicants/service-provider-information/SUL-digitization-services-brochure/view,,404,,12/1/17,Not found,Desktop,12/1/17
/hiddencollections/applicants/TheHarryRansomCenteratTheUniversityofTexasatAustinEnniss_3173122_Redacted.pdf,,404,,11/28/17,Not found,Desktop,12/3/17
/hiddencollections/applicants/ThePresidentsandFellowsofHarvardCollegefortheRadcliffeInstituteforAdvancedStudyCarpent_3173138_Redacted.pdf,,404,,12/1/17,Not found,Desktop,12/2/17
/hiddencollections/awards/for-2009/NHF_PressRelease.pdf,,404,,11/29/17,Not found,Desktop,12/9/17
/hiddencollections/awards/for-2010/WGBH_release.pdf,,404,,12/2/17,Not found,Desktop,12/4/17
/hiddencollections/awards/for-2015,,404,,12/1/17,Not found,Smartphone,12/1/17
/hiddencollections/awards/for-2016,,404,,11/30/17,Not found,Desktop,12/2/17
/hiddencollections/awards/WGBH_release.pdf,,404,,12/4/17,Not found,Desktop,12/6/17
/hiddencollections/cfp_microgrants/at_download/file,,404,,12/2/17,Not found,Desktop,12/5/17
/hiddencollections/copy_of_DigHCflyer2017.pdf,,404,,12/1/17,Not found,Desktop,12/1/17
/hiddencollections/DigHCflyer2.pdf,,404,,11/29/17,Not found,Desktop,12/3/17
/hiddencollections/DigHCflyer2.pdf/at_download/file,,404,,12/1/17,Not found,Desktop,12/1/17
/hiddencollections/DigHCflyer2017.pdf,,404,,12/1/17,Not found,Desktop,12/1/17
/hiddencollections/DigHCHandout2016.pdf,,404,,12/2/17,Not found,Desktop,12/4/17
/hiddencollections/engagement/engagement.html/Scholarly_Engagement_Interim_Report061611.pdf,,404,,12/4/17,Not found,Desktop,12/4/17
/hiddencollections/engagement/engagement.html/Scholarly_Engagement_Site%20Visits.pdf,,404,,12/5/17,Not found,Desktop,12/6/17
/hiddencollections/engagement/engagement.html/Scholarly_Engagement_Survey_Questions.pdf,,404,,12/5/17,Not found,Desktop,12/6/17
/hiddencollections/engagement/engagement.html/survey_findings_fall2010.pdf,,404,,12/2/17,Not found,Desktop,12/2/17
/hiddencollections/engagement/findings.html/Scholarly_Engagement_Site%20Visits.pdf,,404,,12/5/17,Not found,Desktop,12/5/17
/hiddencollections/engagement/findings.html/Scholarly_Engagement_Survey_Questions.pdf,,404,,12/5/17,Not found,Desktop,12/5/17
/hiddencollections/engagement/Scholarly_Engagement_Bibliography.pdf,,404,,12/1/17,Not found,Desktop,12/1/17
/hiddencollections/engagement/Scholarly_Engagement_Interim_Report061611.pdf,,404,,12/1/17,Not found,Desktop,12/2/17
/hiddencollections/engagement/Scholarly_Engagement_Site%20Visits.pdf,,404,,12/2/17,Not found,Desktop,12/4/17
/hiddencollections/engagement/Scholarly_Engagement_Survey_Questions.pdf,,404,,12/2/17,Not found,Desktop,12/4/17
/hiddencollections/engagement/SEdocuments.html/Scholarly_Engagement_Interim_Report061611.pdf,,404,,12/2/17,Not found,Desktop,12/4/17
/hiddencollections/engagement/SEdocuments.html/Scholarly_Engagement_Site%20Visits.pdf,,404,,12/6/17,Not found,Desktop,12/7/17
/hiddencollections/engagement/SEdocuments.html/Scholarly_Engagement_Survey_Questions.pdf,,404,,12/6/17,Not found,Desktop,12/7/17
/hiddencollections/HiddenCatFinal.pdf,,404,,12/2/17,Not found,Desktop,12/2/17
/hiddencollections/meetings,,404,,12/1/17,Not found,Desktop,12/2/17
/hiddencollections/meetings/2011_Applicant_Webinar.pdf,,404,,11/27/17,Not found,Desktop,12/2/17
/hiddencollections/meetings/SAAPresentationText.pdf,,404,,12/5/17,Not found,Desktop,12/5/17
/hiddencollections/meetings/SAAPresentationText.pdf/at_download/file,,404,,12/5/17,Not found,Desktop,12/5/17
/hiddencollections/meetings/symposium/BlouinHC.pdf,,404,,12/1/17,Not found,Desktop,12/2/17
/hiddencollections/meetings/symposium/CLIRSymposium_Intro_Remarks.pdf,,404,,12/2/17,Not found,Desktop,12/4/17
/hiddencollections/meetings/symposium/CLIRSymposium_Intro_Remarks.pdf/view,,404,,11/29/17,Not found,Desktop,11/29/17
/hiddencollections/meetings/symposium/CountwayLibrary.pdf,,404,,12/1/17,Not found,Desktop,12/2/17
/hiddencollections/meetings/symposium/Emory.pdf,,404,,12/2/17,Not found,Desktop,12/3/17
/hiddencollections/meetings/symposium/GoucherCollege.pdf,,404,,12/1/17,Not found,Desktop,12/1/17
/hiddencollections/meetings/symposium/GoucherCollege.pdf/at_download/file,,404,,12/1/17,Not found,Desktop,12/1/17
/hiddencollections/meetings/symposium/HCMtgGuidelines.pdf,,404,,12/1/17,Not found,Smartphone,12/1/17
/hiddencollections/meetings/symposium/HCMtgParticipantList.pdf,,404,,11/30/17,Not found,Desktop,12/11/17
/hiddencollections/meetings/symposium/HIDDEN_COLLECTIONS_PROGRAM_SYMPOSIUM_ABSTRACTSv4_032610.doc,,404,,12/1/17,Not found,Desktop,12/1/17
/hiddencollections/meetings/symposium/HIDDEN_COLLECTIONS_PROGRAM_SYMPOSIUM_AGENDAv3_030210.doc/view,,404,,12/2/17,Not found,Desktop,12/4/17
/hiddencollections/meetings/symposium/js,,404,,12/2/17,Not found,Desktop,12/2/17
/hiddencollections/meetings/symposium/NCSU.pdf,,404,,12/1/17,Not found,Desktop,12/2/17
/hiddencollections/meetings/symposium/Newberry.pdf,,404,,12/2/17,Not found,Desktop,12/2/17
/hiddencollections/meetings/symposium/Newberry.pdf/at_download/file,,404,,12/2/17,Not found,Desktop,12/2/17
/hiddencollections/meetings/symposium/powerpoints,,404,,12/1/17,Not found,Desktop,12/1/17
/hiddencollections/meetings/symposium/powerpoints/BlouinHC.ppt,,404,,12/1/17,Not found,Desktop,12/2/17
/hiddencollections/meetings/symposium/powerpoints/CountwayLibrary.ppt/at_download/file,,404,,12/1/17,Not found,Desktop,12/4/17
/hiddencollections/meetings/symposium/powerpoints/CountwayLibrary.ppt/view,,404,,12/1/17,Not found,Desktop,12/1/17
/hiddencollections/meetings/symposium/powerpoints/Newberry.ppt,,404,,11/29/17,Not found,Desktop,11/29/17
/hiddencollections/meetings/symposium/ScholarlyEngagement.pdf,,404,,12/2/17,Not found,Desktop,12/17/17
/hiddencollections/program-proposals/2008HiddenCollectionsProposal.pdf,,404,,12/1/17,Not found,Desktop,12/2/17
/hiddencollections/program-proposals/2013-hidden-collections-proposal-excerpts,,404,,12/2/17,Not found,Desktop,12/2/17
/hiddencollections/program-proposals/2015-digitizing-hidden-collections-proposal-pdf,,404,,12/1/17,Not found,Desktop,12/3/17
/hiddencollections/program-proposals/HiddenCatFinal.pdf,,404,,12/2/17,Not found,Desktop,12/3/17
/hiddencollections/ProjectPlanAppendix.doc,,404,,11/29/17,Not found,Smartphone,11/29/17
/hiddencollections/recipients/financialreportingtemplate_grantmodification,,404,,12/1/17,Not found,Desktop,12/2/17
/hiddencollections/recipients/GettingStartedwithCLIRConnect.pdf,,404,,12/2/17,Not found,Desktop,12/5/17
/hiddencollections/recipients/hc-report-template,,404,,12/1/17,Not found,Desktop,12/1/17
/hiddencollections/recipients/hidden-collections-financial-report-mockup,,404,,12/3/17,Not found,Desktop,12/17/17
/hiddencollections/recipients/hidden-collections-financial-report-template-edited,,404,,12/1/17,Not found,Desktop,12/1/17
/hiddencollections/recipients/meetings/SAAPresentationText.pdf,,404,,12/2/17,Not found,Desktop,12/4/17
/hiddencollections/recipients/reporting/,,404,,12/7/17,Not found,Desktop,12/7/17
/hiddencollections/registry,http://registry.clir.org,404,,11/30/17,Not found,Desktop,12/4/17
/hiddencollections/registry/@@faceted_query?b_start%5B%5D=0&version=d05c286306a67ae1960adc0222b76194&b_start:int=125,http://registry.clir.org,404,,12/2/17,Not found,Desktop,12/4/17
/hiddencollections/registry/hc.0053,http://registry.clir.org/projects/053,404,,11/30/17,Not found,Desktop,11/30/17
/hiddencollections/registry/hc.0312,http://registry.clir.org/projects/312,404,,12/1/17,Not found,Smartphone,12/1/17
/hiddencollections/registry/hc.0368,http://registry.clir.org/projects/368,404,,12/1/17,Not found,Smartphone,12/1/17
/hiddencollections/registry/hc.0675,http://registry.clir.org/projects/675,404,,12/1/17,Not found,Smartphone,12/1/17
/hiddencollections/registry/hc.0756,http://registry.clir.org/projects/756,404,,12/1/17,Not found,Smartphone,12/1/17
/hiddencollections/registry/hc.0759,http://registry.clir.org/projects/759,404,,12/1/17,Not found,Smartphone,12/1/17
/hiddencollections/registry/hc.0932,http://registry.clir.org/projects/932,404,,11/27/17,Not found,Desktop,11/29/17
/hiddencollections/registry/hc.1018,http://registry.clir.org/projects/1018,404,,12/1/17,Not found,Smartphone,12/1/17
/hiddencollections/registry/hc.1094,http://registry.clir.org/projects/1094,404,,12/1/17,Not found,Smartphone,12/1/17
/hiddencollections/registry/hc.1143,http://registry.clir.org/projects/1143,404,,12/1/17,Not found,Smartphone,12/1/17
/hiddencollections/registry/hc.1154,http://registry.clir.org/projects/1154,404,,12/1/17,Not found,Smartphone,12/1/17
/hiddencollections/resources/amistad-research-center-archives-and-library-policy-and-procedure-manual/at_download/file,,404,,12/2/17,Not found,Desktop,12/2/17
/hiddencollections/resources/BHS_Map_Cataloging_Manual.pdf,,404,,11/29/17,Not found,Desktop,12/2/17
/hiddencollections/resources/BHS_Map_Cataloging_Policy_Decisions.pdf,,404,,12/1/17,Not found,Desktop,12/1/17
/hiddencollections/resources/BHS_Map_Cataloging_Policy_Decisions.pdf/at_download/file,,404,,12/2/17,Not found,Desktop,12/2/17
/hiddencollections/resources/BHS_Map_Classification_System.pdf,,404,,12/2/17,Not found,Desktop,12/3/17
/hiddencollections/resources/BHS_Survey_Processing_Manual.pdf,,404,,11/29/17,Not found,Desktop,12/3/17
/hiddencollections/resources/meetings/Getty-CLIRColloquiumAgenda.pdf,,404,,12/1/17,Not found,Desktop,12/2/17
/hiddencollections/resources/meetings/SAAPresentationText.pdf,,404,,12/5/17,Not found,Desktop,12/5/17
/hiddencollections/resources/queens-museum-guide-for-cataloging-collections-in-past-perfect,,404,,11/30/17,Not found,Desktop,12/15/17
/hiddencollections/resources/san-diego-museum-of-man-glossary-of-pastperfect-search-terms,,404,,12/2/17,Not found,Desktop,12/17/17
/hiddencollections/resources/san-diego-museum-of-man-glossary-of-pastperfect-search-terms/at_download/file,,404,,12/6/17,Not found,Desktop,12/6/17
/hiddencollections/resources/san-diego-museum-of-man-photo-catalog-procedures/at_download/file,,404,,12/1/17,Not found,Desktop,12/4/17
/hiddencollections/resources/san-diego-museum-of-man-photo-reproduction-order-form,,404,,12/2/17,Not found,Desktop,12/2/17
/hiddencollections/resources/UCECfinalRev.pdf,,404,,11/30/17,Not found,Desktop,12/3/17
/hiddencollections/sahc/curriculum-committee-agreement-template,,404,,12/2/17,Not found,Desktop,12/4/17
/hiddencollections/sahc/sahc_webinar_evaluation_survey,,404,,12/1/17,Not found,Desktop,12/2/17
/hiddencollections/sahc/sahc_webinar1_files/sahc_webinar1_chat2/,,404,,11/30/17,Not found,Desktop,11/30/17
/hiddencollections/sahc/sahc_webinar4_files,,404,,12/2/17,Not found,Desktop,12/2/17
/hiddencollections/sahc/sahc_webinar5_files/sahc_webinar5_chat1/,,404,,12/1/17,Not found,Desktop,12/1/17
/hiddencollections/sahc/sahc_webinar5_files/sahc_webinar5_chat2/,,404,,12/2/17,Not found,Desktop,12/2/17
/hiddencollections/sahc/sahc_webinar5_files/sahc_webinar5_chat3/,,404,,12/1/17,Not found,Desktop,12/1/17
/hiddencollections/sahc/sahc_webinar5_files/sahc_webinar5_chat4/,,404,,12/1/17,Not found,Desktop,12/1/17
/hiddencollections/sahc/sahc_webinar5_files/sahc_webinar5_chat5/,,404,,12/1/17,Not found,Desktop,12/1/17
/hiddencollections/sahc/sahc_webinar5_files/sahc_webinar5_chat6/,,404,,12/1/17,Not found,Desktop,12/1/17
/hiddencollections/sahc/sahc_webinar5_files/sahc_webinar5_scenarios/,,404,,12/1/17,Not found,Desktop,12/1/17
/hiddencollections/sahc/sahc_webinar5_files/sahc_webinar5_scenarios/view,,404,,12/2/17,Not found,Desktop,12/4/17
/hiddencollections/sahc/sahc_webinar5_files/sahc_webinar5_transcript/,,404,,12/1/17,Not found,Desktop,12/1/17
/hiddencollections/sahc/sahc_webinar6_files/sahc_webinar6_chat1/,,404,,12/2/17,Not found,Desktop,12/4/17
/hiddencollections/sahc/sahc_webinar6_files/sahc_webinar6_chat2/,,404,,12/1/17,Not found,Desktop,12/4/17
/hiddencollections/sahc/sahc_webinar6_files/sahc_webinar6_chat3/,,404,,12/2/17,Not found,Desktop,12/4/17
/hiddencollections/sahc/sahc_webinar6_files/sahc_webinar6_chat4/,,404,,12/1/17,Not found,Desktop,12/1/17
/hiddencollections/sahc/sahc_webinar6_files/sahc_webinar6_slides/,,404,,12/1/17,Not found,Desktop,12/2/17
/hiddencollections/sahc/sahc_webinar6_files/sahc_webinar6_template/,,404,,12/2/17,Not found,Desktop,12/2/17
/hiddencollections/sahc/webinar_speaker_agreement_template,,404,,12/1/17,Not found,Desktop,12/1/17
/hiddencollections/sahc/webinar1,,404,,12/1/17,Not found,Desktop,12/2/17
/hiddencollections/sahc/webinar2,,404,,12/1/17,Not found,Desktop,12/2/17
/hiddencollections/sahc/webinar3,,404,,12/1/17,Not found,Desktop,12/3/17
/hiddencollections/sahc/webinar4,,404,,12/1/17,Not found,Desktop,12/2/17
/hiddencollections/sahc/webinar5,,404,,12/1/17,Not found,Desktop,12/5/17
/hiddencollections/sahc/webinar6,,404,,12/1/17,Not found,Desktop,12/1/17
/hiddencollections/webinar-series/webinar-series-survey-outline,,404,,12/2/17,Not found,Desktop,12/4/17
/images/annrep/10annrep.jpg/view,/wp-content/uploads/sites/6/10annrep.jpg,404,,12/11/17,Not found,Desktop,12/11/17
/images/cpa.gif/view,/wp-content/uploads/sites/6/cpa.gif,301,,12/5/17,Not found,Desktop,12/5/17
/images/DLFrev1BL_notag.jpg/view,/wp-content/uploads/sites/6/DLFrev1BL_notag.jpg,404,,12/2/17,Not found,Desktop,12/11/17
/images/home-images/Esci-2/view,,404,,12/1/17,Not found,Desktop,12/10/17
/images/home-images/eshore/view,,404,,12/1/17,Not found,Desktop,12/2/17
/images/home-images/Fred/view,,404,,12/1/17,Not found,Desktop,12/2/17
/images/home-images/ringofpeople/view,,404,,12/1/17,Not found,Desktop,12/1/17
/images/tumblr_button_160px.jpg/view,,404,,12/2/17,Not found,Desktop,12/13/17
/initiatives-partnerships/dmle-proposal,,404,,11/30/17,Not found,Desktop,12/2/17
/initiatives-partnerships/dmle-proposal/at_download/file,,404,,12/2/17,Not found,Desktop,12/4/17
/initiatives-partnerships/global-diglib,,404,,11/30/17,Not found,Desktop,12/2/17
/initiatives-partnerships/global-diglib/INTL_LIB_RD_FINAL.pdf,,404,,12/1/17,Not found,Desktop,12/1/17
/initiatives-partnerships/global-diglib/slider-images,,404,,12/2/17,Not found,Desktop,12/2/17
/initiatives-partnerships/hidden-collections,/hiddencollections/,301,,12/2/17,Not found,Desktop,12/4/17
/initiatives-partnerships/leadership-through-new-communities/docs/CLIRAnthropologyWkshpAppEnabled.pdf,/wp-content/uploads/sites/6/CLIRAnthropologyWkshpAppEnabled.pdf,404,,12/1/17,Not found,Desktop,12/1/17
/initiatives-partnerships/leadership-through-new-communities/docs/CLIRArchivesWkshpApproval.doc/view,/wp-content/uploads/sites/6/CLIRArchivesWkshpApproval.doc,404,,12/2/17,Not found,Desktop,12/2/17
/initiatives-partnerships/leadership-through-new-communities/docs/CLIRRollinsTeamApp.pdf,/wp-content/uploads/sites/6/CLIRRollinsTeamApp.pdf,404,,12/2/17,Not found,Desktop,12/2/17
/initiatives-partnerships/leadership-through-new-communities/docs/CLIRRollinsTeamApp.pdf/at_download/file,/wp-content/uploads/sites/6/CLIRRollinsTeamApp.pdf,404,,12/2/17,Not found,Desktop,12/2/17
/initiatives-partnerships/leadership-through-new-communities/DPLATravelInfo041212.doc,/wp-content/uploads/sites/6/DPLATravelInfo041212.doc,404,,12/1/17,Not found,Desktop,12/9/17
/initiatives-partnerships/leadership-through-new-communities/symposiumagenda.pdf,/wp-content/uploads/sites/6/symposiumagenda.pdf,404,,12/2/17,Not found,Desktop,12/2/17
/initiatives-partnerships/leadership-through-new-communities/undergraduate-research-behavior-workshop/docs/CLIRRollinsTeamApp.pdf,/wp-content/uploads/sites/6/CLIRRollinsTeamApp.pdf,404,,12/1/17,Not found,Desktop,12/1/17
/initiatives-partnerships/leadership-through-new-communities/work-restructuring-in-the-library-workshop,/initiatives-partnerships/leadership-through-new-communities/workrestructuring/,404,,12/1/17,Not found,Desktop,12/1/17
/initiatives-partnerships/ndsr/CLIRNDSRResidentInterviewQuestions3.pdf,/wp-content/uploads/sites/6/CLIRNDSRResidentInterviewQuestions3.pdf,404,,12/2/17,Not found,Desktop,12/7/17
/initiatives-partnerships/ndsr/CLIRNDSRSupervisorInterviewQuestions1.pdf,/wp-content/uploads/sites/6/CLIRNDSRSupervisorInterviewQuestions1.pdf,404,,12/2/17,Not found,Desktop,12/8/17
/initiatives-partnerships/ndsr/SiteVisitsGenericQuestions.pdf,/wp-content/uploads/sites/6/SiteVisitsGenericQuestions.pdf,404,,12/2/17,Not found,Desktop,12/11/17
/initiatives-partnerships/ndsr/SiteVisitsGenericQuestions.pdf/at_download/file,/wp-content/uploads/sites/6/SiteVisitsGenericQuestions.pdf,404,,12/6/17,Not found,Desktop,12/11/17
/initiatives-partnerships/postdoc-fellowships,/fellowships/postdoc/,301,,12/1/17,Not found,Desktop,12/2/17
/initiatives-partnerships/workshops-on-participatory-design,/2014/02/clir-publishes-participatory-design-in-academic-libraries-new-reports-and-findings/,410,,12/1/17,Not found,Desktop,12/1/17
/programs/cpa/html,/pubs/archives/cpanews/,410,,12/7/17,Not found,Smartphone,12/7/17
/pubs/abstract,/pubs/reports/,404,,12/1/17,Not found,Desktop,12/8/17
/PUBS/abstract/pub138abst,/pubs/reports/pub138,404,,12/14/17,Not found,Smartphone,12/14/17
/pubs/abstract/pub87abst,/pubs/reports/pub87,404,,11/27/17,Not found,Smartphone,11/27/17
/pubs/annual/05annrep.pdf,/wp-content/uploads/sites/6/05annrep.pdf,404,,12/3/17,Not found,Desktop,12/3/17
/pubs/annual/07annrep.pdf,/wp-content/uploads/sites/6/07annrep.pdf,404,,12/2/17,Not found,Desktop,12/4/17
/pubs/annual/09annrep.pdf,/wp-content/uploads/sites/6/09annrep.pdf,404,,12/2/17,Not found,Desktop,12/3/17
/pubs/annual/10annrep.pdf,/wp-content/uploads/sites/6/10annrep.pdf,404,,12/2/17,Not found,Desktop,12/2/17
/pubs/annual/12annrep.pdf,/wp-content/uploads/sites/6/12annrep.pdf,404,,12/2/17,Not found,Desktop,12/12/17
/pubs/annual/13annreport.pdf,/wp-content/uploads/sites/6/13annrep.pdf,404,,11/30/17,Not found,Desktop,11/30/17
/pubs/annual/14annreport.pdf,/wp-content/uploads/sites/6/14annrep.pdf,404,,11/28/17,Not found,Desktop,11/30/17
/pubs/annual/15annreport,/wp-content/uploads/sites/6/15annrep.pdf,404,,11/30/17,Not found,Desktop,12/12/17
/pubs/annual/15annreport/at_download/file,/wp-content/uploads/sites/6/15annrep.pdf,404,,12/4/17,Not found,Desktop,12/7/17
/pubs/annual/16annreport.pdf,/wp-content/uploads/sites/6/16annrep.pdf,404,,11/30/17,Not found,Desktop,11/30/17
/pubs/annual/annrpt2002/02annrep.pdf,/wp-content/uploads/sites/6/02annrep.pdf,404,,12/2/17,Not found,Desktop,12/2/17
/pubs/annual/annrpt2003/03annrep.pdf,/wp-content/uploads/sites/6/03annrep.pdf,404,,12/12/17,Not found,Desktop,12/12/17
/pubs/annual/img/anrpt98/economics.gif/view,/wp-content/uploads/sites/6/economics.gif,301,,12/2/17,Not found,Desktop,12/12/17
/pubs/annual/previous-annual-reports/07annrep.pdf,/wp-content/uploads/sites/6/07annrep.pdf,404,,12/1/17,Not found,Desktop,12/4/17
/pubs/annual/previous-annual-reports/10annrep.pdf,/wp-content/uploads/sites/6/10annrep.pdf,404,,12/1/17,Not found,Desktop,12/2/17
/pubs/annual/previous-annual-reports/annrpt2000/00CLIR.pdf,/wp-content/uploads/sites/6/00CLIR.pdf,404,,12/2/17,Not found,Desktop,12/12/17
/pubs/annual/previous-annual-reports/annrpt2001/01CLIR.pdf,/wp-content/uploads/sites/6/01CLIR.pdf,404,,12/1/17,Not found,Desktop,12/2/17
/pubs/annual/previous-annual-reports/annrpt2002/02annrep.pdf,/wp-content/uploads/sites/6/02CLIR.pdf,404,,12/1/17,Not found,Desktop,12/2/17
/pubs/annual/previous-annual-reports/annrpt2003/03annrep.pdf,/wp-content/uploads/sites/6/03CLIR.pdf,404,,12/2/17,Not found,Desktop,12/12/17
/pubs/annual/previous-annual-reports/annrpt97/grants.pdf,/wp-content/uploads/sites/6/grants.pdf,404,,12/2/17,Not found,Desktop,12/2/17
/pubs/annual/previous-annual-reports/annrpt99/fullreport.pdf,/wp-content/uploads/sites/6/fullreport.pdf,404,,12/2/17,Not found,Desktop,12/11/17
/pubs/archives/AckerShilton2010.pdf,/wp-content/uploads/sites/6/AckerShilton2010.pdf,404,,11/30/17,Not found,Desktop,12/2/17
/pubs/archives/AckerShiltonAppend2.pdf,/wp-content/uploads/sites/6/AckerShiltonAppend2.pdf,404,,12/2/17,Not found,Desktop,12/4/17
/pubs/archives/cpanews/img/91b.gif/view,/wp-content/uploads/sites/6/91b.gif,404,,12/2/17,Not found,Desktop,12/2/17
/pubs/archives/cpanews/img/big-s.gif/view,/wp-content/uploads/sites/6/big-s.gif,404,,12/2/17,Not found,Desktop,12/2/17
/pubs/archives/cpanews/img/ditibook.gif/view,/wp-content/uploads/sites/6/ditibook.gif,404,,12/2/17,Not found,Desktop,12/2/17
/pubs/archives/cpanews/img/globefl.gif/view,/wp-content/uploads/sites/6/globefl.gif,404,,12/1/17,Not found,Desktop,12/1/17
/pubs/archives/cpanews/img/h.gif/image_view_fullscreen,/wp-content/uploads/sites/6/h.gif,404,,12/3/17,Not found,Desktop,12/3/17
/pubs/archives/dublin2008.pdf,/wp-content/uploads/sites/6/dublin2008.pdf,404,,12/1/17,Not found,Desktop,12/1/17
/pubs/archives/ejournal.htm,/pubs/archives/ejournal/,404,,12/1/17,Not found,Desktop,12/4/17
/pubs/archives/ensuring.pdf,/wp-content/uploads/sites/6/ensuring.pdf,404,,12/1/17,Not found,Smartphone,12/2/17
/pubs/archives/ensuring.pdf/at_download/file,/wp-content/uploads/sites/6/ensuring.pdf,404,,12/12/17,Not found,Desktop,12/12/17
/pubs/archives/hybrid.pdf,/wp-content/uploads/sites/6/hybrid.pdf,404,,12/3/17,Not found,Desktop,12/7/17
/pubs/archives/hybrid2.doc,/wp-content/uploads/sites/6/hybrid2.doc,404,,12/1/17,Not found,Desktop,12/2/17
/pubs/archives/KIT-Friedlander.pdf,/wp-content/uploads/sites/6/KIT-Friedlander.pdf,404,,12/2/17,Not found,Desktop,12/2/17
/pubs/archives/linked-data-survey/files/publishingAfterTheApocalypse_JEspositoLOGOS2010.pdf,/wp-content/uploads/sites/6/publishingAfterTheApocalypse_JEspositoLOGOS2010.pdf,404,,12/4/17,Not found,Desktop,12/4/17
/pubs/archives/linked-data-survey/part03_why.html,/pubs/reports/pub152/stanford-linked-data-workshop/,404,,11/26/17,Not found,Smartphone,11/26/17
/pubs/archives/linked-data-survey/part11_b_tools.html,/pubs/reports/pub152/stanford-linked-data-workshop/,404,,11/27/17,Not found,Desktop,11/27/17
/pubs/archives/linked-data-survey/part11_c_tools.html,/pubs/reports/pub152/stanford-linked-data-workshop/,404,,11/26/17,Not found,Desktop,11/26/17
/pubs/archives/reports/pub115/pub115.pdf,/wp-content/uploads/sites/6/pub115.pdf,404,,12/1/17,Not found,Desktop,12/9/17
/pubs/archives/schmitz.pdf,/wp-content/uploads/sites/6/schmitz.pdf,404,,11/30/17,Not found,Desktop,12/17/17
/pubs/archives/SehatFarr2009.pdf,/wp-content/uploads/sites/6/SehatFarr2009.pdf,404,,12/1/17,Not found,Desktop,12/2/17
/pubs/archives/ShiltonToolsfinal.pdf,/wp-content/uploads/sites/6/ShiltonToolsfinal.pdf,404,,11/28/17,Not found,Desktop,12/5/17
/pubs/img/ester.gif/view,/wp-content/uploads/sites/6/ester.gif,404,,12/2/17,Not found,Desktop,12/11/17
/pubs/img/mirage.gif/image_view_fullscreen,/wp-content/uploads/sites/6/mirage.gif,404,,12/1/17,Not found,Desktop,12/1/17
/pubs/img/oversize.gif/image_view_fullscreen,/wp-content/uploads/sites/6/oversize.gif,404,,12/1/17,Not found,Desktop,12/1/17
/pubs/img/oversize.gif/view,/wp-content/uploads/sites/6/oversize.gif,404,,12/1/17,Not found,Desktop,12/11/17
/pubs/img/pain.gif/view,/wp-content/uploads/sites/6/pain.gif,404,,12/16/17,Not found,Desktop,12/16/17
/pubs/img/porck.gif/view,/wp-content/uploads/sites/6/porck.gif,404,,12/16/17,Not found,Desktop,12/16/17
/pubs/index.html,/pubs/,301,,11/26/17,Not found,Desktop,11/26/17
/pubs/issues/images/Angee.GIF/view,/wp-content/uploads/sites/6/Angee.gif,404,,12/15/17,Not found,Desktop,12/15/17
/pubs/issues/issues.html/issues91,,404,,12/7/17,Not found,Desktop,12/8/17
/pubs/issues/issues100,,404,,11/30/17,Not found,Desktop,12/2/17
/pubs/issues/issues100/issues100,,404,,12/2/17,Not found,Desktop,12/5/17
/pubs/issues/issues101,,404,,12/1/17,Not found,Desktop,12/4/17
/pubs/issues/issues101/ferraiolo-and-gallivan-2,,404,,12/1/17,Not found,Desktop,12/1/17
/pubs/issues/issues101/issues101,,404,,12/4/17,Not found,Desktop,12/4/17
/pubs/issues/issues102,,404,,12/1/17,Not found,Desktop,12/14/17
/pubs/issues/issues102/issues102,,404,,12/2/17,Not found,Desktop,12/4/17
/pubs/issues/issues103,,404,,12/1/17,Not found,Desktop,12/14/17
/pubs/issues/issues103/issues103,,404,,12/4/17,Not found,Desktop,12/4/17
/pubs/issues/issues104,,404,,12/1/17,Not found,Desktop,12/2/17
/pubs/issues/issues104/issues104,,404,,12/2/17,Not found,Desktop,12/2/17
/pubs/issues/issues105,,404,,12/1/17,Not found,Desktop,12/6/17
/pubs/issues/issues105/issues105,,404,,12/6/17,Not found,Desktop,12/9/17
/pubs/issues/issues106,,404,,12/1/17,Not found,Desktop,12/2/17
/pubs/issues/issues106/issues106,,404,,12/2/17,Not found,Desktop,12/2/17
/pubs/issues/issues107,,404,,12/1/17,Not found,Desktop,12/2/17
/pubs/issues/issues107/issues107,/2015/09/clir-issues-number-107/,404,,12/2/17,Not found,Desktop,12/2/17
/pubs/issues/issues108,/2015/11/clir-issues-number-108/,404,,12/1/17,Not found,Desktop,12/2/17
/pubs/issues/issues108/issues108,,404,,12/2/17,Not found,Desktop,12/4/17
/pubs/issues/issues109,,404,,12/1/17,Not found,Desktop,12/4/17
/pubs/issues/issues109/issues109,,404,,12/2/17,Not found,Desktop,12/5/17
/pubs/issues/issues110,/2016/03/clir-issues-number-110/,404,,12/1/17,Not found,Desktop,12/2/17
/pubs/issues/issues110/issues110,,404,,12/2/17,Not found,Desktop,12/5/17
/pubs/issues/issues111,,404,,12/1/17,Not found,Desktop,12/2/17
/pubs/issues/issues111/issues111,,404,,12/2/17,Not found,Desktop,12/4/17
/pubs/issues/issues112,,404,,12/1/17,Not found,Desktop,12/2/17
/pubs/issues/issues113,,404,,12/1/17,Not found,Desktop,12/4/17
/pubs/issues/issues113/issues113,/2016/09/clir-issues-number-113/,404,,12/2/17,Not found,Desktop,12/4/17
/pubs/issues/issues114,,404,,12/1/17,Not found,Desktop,12/5/17
/pubs/issues/issues114/issues114,,404,,12/2/17,Not found,Desktop,12/2/17
/pubs/issues/issues115,,404,,11/29/17,Not found,Desktop,12/1/17
/pubs/issues/issues116,,404,,12/1/17,Not found,Desktop,12/4/17
/pubs/issues/issues116/issues116,,404,,12/2/17,Not found,Desktop,12/4/17
/pubs/issues/issues117,,404,,12/1/17,Not found,Desktop,12/2/17
/pubs/issues/issues118,,404,,12/1/17,Not found,Desktop,12/10/17
/pubs/issues/issues118/issues118,,404,,12/4/17,Not found,Desktop,12/4/17
/pubs/issues/issues23.html/issues23,,404,,12/15/17,Not found,Smartphone,12/15/17
/pubs/issues/issues40.html/issues25,,404,,12/9/17,Not found,Smartphone,12/9/17
/pubs/issues/issues42.html/issues91,,404,,12/8/17,Not found,Desktop,12/8/17
/pubs/issues/issues63.html/issues91,,404,,12/3/17,Not found,Desktop,12/3/17
/pubs/issues/issues67.html/issues91,,404,,12/5/17,Not found,Desktop,12/5/17
/pubs/issues/issues71.html/issues91,,404,,12/3/17,Not found,Desktop,12/3/17
/pubs/issues/issues87,,404,,12/1/17,Not found,Desktop,12/2/17
/pubs/issues/issues88,,404,,12/2/17,Not found,Desktop,12/11/17
/pubs/issues/issues89,,404,,12/2/17,Not found,Desktop,12/11/17
/pubs/issues/issues90,,404,,12/1/17,Not found,Desktop,12/12/17
/pubs/issues/issues90/issues90,,404,,12/12/17,Not found,Desktop,12/15/17
/pubs/issues/issues90/issues91,,404,,12/5/17,Not found,Desktop,12/6/17
/pubs/issues/issues91,,404,,12/1/17,Not found,Desktop,12/4/17
/pubs/issues/issues91/,,404,,12/2/17,Not found,Desktop,12/4/17
/pubs/issues/issues92,,404,,11/30/17,Not found,Desktop,12/2/17
/pubs/issues/issues92/issues92/issues91,,404,,12/4/17,Not found,Desktop,12/4/17
/pubs/issues/issues93,,404,,11/28/17,Not found,Desktop,12/3/17
/pubs/issues/issues93/issues91,,404,,12/5/17,Not found,Desktop,12/5/17
/pubs/issues/issues94,,404,,12/1/17,Not found,Desktop,12/2/17
/pubs/issues/issues94/issues94,,404,,12/2/17,Not found,Desktop,12/5/17
/pubs/issues/issues95,,404,,12/1/17,Not found,Desktop,12/2/17
/pubs/issues/issues95/issues91,,404,,12/5/17,Not found,Desktop,12/5/17
/pubs/issues/issues96,,404,,12/5/17,Not found,Desktop,12/8/17
/pubs/issues/issues96/issues96,,404,,12/7/17,Not found,Desktop,12/7/17
/pubs/issues/issues97,,404,,12/1/17,Not found,Desktop,12/5/17
/pubs/issues/issues97/,,404,,12/2/17,Not found,Desktop,12/4/17
/pubs/issues/issues97/issues97,,404,,12/4/17,Not found,Desktop,12/5/17
/pubs/issues/issues98,,404,,12/1/17,Not found,Desktop,12/2/17
/pubs/issues/issues99,,404,,12/1/17,Not found,Desktop,12/2/17
/pubs/issues/issues99/issues99,,404,,12/2/17,Not found,Desktop,12/5/17
/pubs/press/mellgrant,,404,,12/3/17,Not found,Smartphone,12/3/17
/pubs/press/pub97_press,,404,,12/5/17,Not found,Smartphone,12/5/17
/pubs/pubs/reports/pub145/pub145.pdf,,404,,12/2/17,Not found,Desktop,12/4/17
/pubs/reports/arms-79,,404,,12/1/17,Not found,Desktop,12/11/17
/pubs/reports/arms-79/pub79.pdf,,404,,12/2/17,Not found,Desktop,12/11/17
/pubs/reports/case/broo02,,404,,12/1/17,Not found,Smartphone,12/1/17
/pubs/reports/case/img/broobg.gif/view,,404,,12/6/17,Not found,Desktop,12/6/17
/pubs/reports/case/img/cleadot.gif/view,,404,,12/2/17,Not found,Desktop,12/11/17
/pubs/reports/case/img/compass.gif/image_view_fullscreen,,404,,12/16/17,Not found,Desktop,12/16/17
/pubs/reports/case/img/georbg.gif/view,,404,,12/3/17,Not found,Smartphone,12/3/17
/pubs/reports/case/img/greenbar.gif/view,,404,,12/15/17,Not found,Smartphone,12/15/17
/pubs/reports/case/img/greendot.gif/image_view_fullscreen,,404,,12/2/17,Not found,Desktop,12/11/17
/pubs/reports/gonzalez,,404,,12/1/17,Not found,Desktop,12/1/17
/pubs/reports/gonzalez/img/dot_clear.gif/view,,404,,12/3/17,Not found,Desktop,12/17/17
/pubs/reports/pub100/pub100abst,,404,,12/7/17,Not found,Smartphone,12/7/17
/pubs/reports/pub101/pub101.pdf,,404,,11/28/17,Not found,Desktop,11/29/17
/pubs/reports/pub102/pub102.pdf,,404,,12/1/17,Not found,Desktop,12/9/17
/pubs/reports/pub103/act-p7.gif/image_view_fullscreen,,404,,12/1/17,Not found,Desktop,12/11/17
/pubs/reports/pub103/pub103.pdf,,404,,11/29/17,Not found,Desktop,12/4/17
/pubs/reports/pub104/pub104.pdf,,404,,11/30/17,Not found,Desktop,12/5/17
/pubs/reports/pub105/contents.html/instr.pdf,,404,,12/8/17,Not found,Desktop,12/9/17
/pubs/reports/pub105/instr.pdf,,404,,12/1/17,Not found,Desktop,12/16/17
/pubs/reports/pub105/pub105.pdf,,404,,11/29/17,Not found,Desktop,12/8/17
/pubs/reports/pub105/section2.html/instr.pdf,,404,,12/6/17,Not found,Desktop,12/8/17
/pubs/reports/pub105/section3.html/instr.pdf,,404,,12/4/17,Not found,Desktop,12/9/17
/pubs/reports/pub106/pub106.pdf,,404,,12/1/17,Not found,Desktop,12/3/17
/pubs/reports/pub107/pub107.pdf,,404,,12/1/17,Not found,Desktop,12/4/17
/pubs/reports/pub108/pub108.pdf,,404,,12/2/17,Not found,Smartphone,12/2/17
/pubs/reports/pub109/pub109.pdf,,404,,11/29/17,Not found,Desktop,12/3/17
/pubs/reports/pub110/89158frame,,404,,12/12/17,Not found,Smartphone,12/12/17
/pubs/reports/pub110/pdftables_amy/PDF1/T-17-184.pdf,,404,,12/2/17,Not found,Desktop,12/2/17
/pubs/reports/pub110/pdftables_amy/PDF1/T-22-439.pdf,,404,,12/3/17,Not found,Desktop,12/3/17
/pubs/reports/pub110/pdftables_amy/PDF1/T-26-629.pdf,,404,,12/3/17,Not found,Desktop,12/3/17
/pubs/reports/pub110/pdftables_amy/PDF1/T-4-658.pdf,,404,,12/1/17,Not found,Desktop,12/2/17
/pubs/reports/pub110/pdftables_amy/PDF2/T-31-56.pdf,,404,,12/2/17,Not found,Desktop,12/2/17
/pubs/reports/pub110/pdftables_amy/PDF2/T-62-589.pdf/view,,404,,12/14/17,Not found,Desktop,12/14/17
/pubs/reports/pub110/pdftables_amy/PDF2/T-64-591.pdf/view,,404,,12/2/17,Not found,Desktop,12/2/17
/pubs/reports/pub110/pdftables_amy/PDF2/T-65-592.pdf,,404,,11/29/17,Not found,Desktop,12/3/17
/pubs/reports/pub110/pdftables_amy/PDF3/T-117-263.pdf,,404,,12/3/17,Not found,Desktop,12/3/17
/pubs/reports/pub110/pdftables_amy/PDF3/T-120-273.pdf/view,,404,,12/3/17,Not found,Desktop,12/3/17
/pubs/reports/pub110/pdftables_amy/PDF3/T-122-280.pdf/view,,404,,12/9/17,Not found,Desktop,12/9/17
/pubs/reports/pub110/pdftables_amy/PDF3/T-124-287.pdf,,404,,12/1/17,Not found,Desktop,12/2/17
/pubs/reports/pub110/pdftables_amy/PDF3/T-134-352.pdf,,404,,12/3/17,Not found,Desktop,12/3/17
/pubs/reports/pub110/pdftables_amy/PDF3/T-68-61.pdf,,404,,12/8/17,Not found,Desktop,12/8/17
/pubs/reports/pub110/pdftables_amy/tablesall_amy.pdf,,404,,12/1/17,Not found,Desktop,12/3/17
/pubs/reports/pub111/analysis.pdf,,404,,12/1/17,Not found,Desktop,12/5/17
/pubs/reports/pub111/analysis.pdf/at_download/file,,404,,12/9/17,Not found,Desktop,12/9/17
/pubs/reports/pub111/introsum.html/analysis.pdf,,404,,12/4/17,Not found,Desktop,12/7/17
/pubs/reports/pub111/pub111.pdf,,404,,12/1/17,Not found,Desktop,12/2/17
/pubs/reports/pub112/pub112.pdf,,404,,11/29/17,Not found,Desktop,12/3/17
/pubs/reports/pub113/pub113english.pdf,,404,,11/30/17,Not found,Desktop,12/2/17
/pubs/reports/pub113/pub113spanish.pdf,,404,,11/30/17,Not found,Desktop,12/2/17
/pubs/reports/pub113/pub113spanish.pdf/at_download/file,,404,,12/3/17,Not found,Desktop,12/4/17
/pubs/reports/pub114/pub114.pdf,,404,,11/30/17,Not found,Desktop,12/2/17
/pubs/reports/pub115/pub115.pdf,,404,,12/2/17,Not found,Desktop,12/2/17
/pubs/reports/pub116/pub116.pdf,,404,,12/1/17,Not found,Desktop,12/17/17
/pubs/reports/pub117/pub117.pdf,,404,,12/1/17,Not found,Desktop,12/9/17
/pubs/reports/pub118/pub118.pdf,,404,,12/2/17,Not found,Desktop,12/6/17
/pubs/reports/pub119/pub119.pdf,,404,,12/1/17,Not found,Desktop,12/17/17
/pubs/reports/pub119/pub119abst,/pubs/reports/pub119/,301,,12/3/17,Not found,Smartphone,12/3/17
/pubs/reports/pub120/-,/pubs/reports/pub120/,301,,12/17/17,Not found,Smartphone,12/17/17
/pubs/reports/pub121/fig8-9.jpg/image_view_fullscreen,,404,,12/8/17,Not found,Desktop,12/8/17
/pubs/reports/pub121/table3.jpg/image_view_fullscreen,,404,,12/11/17,Not found,Desktop,12/11/17
/pubs/reports/pub121/table3.jpg/view,,404,,12/9/17,Not found,Smartphone,12/9/17
/pubs/reports/pub122/phoneproc.pdf,,404,,12/2/17,Not found,Desktop,12/12/17
/pubs/reports/pub122/phonesum.pdf/at_download/file,,404,,12/7/17,Not found,Desktop,12/8/17
/pubs/reports/pub122/pub118.pdf,,404,,12/1/17,Not found,Desktop,12/6/17
/pubs/reports/pub122/pub122web.pdf,,404,,11/29/17,Not found,Desktop,12/11/17
/pubs/reports/pub122/table3b.pdf,,404,,12/2/17,Not found,Desktop,12/11/17
/pubs/reports/pub122/table4b.pdf,,404,,12/1/17,Not found,Desktop,12/4/17
/pubs/reports/pub122/table4c.pdf,,404,,12/2/17,Not found,Desktop,12/5/17
/pubs/reports/pub123/pub123.pdf,,404,,12/1/17,Not found,Desktop,12/2/17
/pubs/reports/pub124/pub124.pdf,,404,,12/2/17,Not found,Smartphone,12/2/17
/pubs/reports/pub125/pub125.pdf,,404,,11/30/17,Not found,Desktop,12/2/17
/pubs/reports/pub126/pub126.pdf,,404,,12/1/17,Not found,Desktop,12/3/17
/pubs/reports/pub126/pub126abst,,404,,12/16/17,Not found,Smartphone,12/16/17
/pubs/reports/pub127/appendixB.pdf,,404,,11/29/17,Not found,Desktop,12/2/17
/pubs/reports/pub127/design.html/appendixB.pdf,,404,,12/2/17,Not found,Desktop,12/3/17
/pubs/reports/pub127/figA3.jpg/image_view_fullscreen,,404,,12/2/17,Not found,Desktop,12/11/17
/pubs/reports/pub127/pub127.pdf,,404,,12/1/17,Not found,Desktop,12/3/17
/pubs/reports/pub128/pub128.pdf,,404,,12/1/17,Not found,Desktop,12/14/17
/pubs/reports/pub128/pub128abst,,404,,12/15/17,Not found,Smartphone,12/15/17
/pubs/reports/pub129/images/infodesk.jpg/image_view_fullscreen,,404,,12/1/17,Not found,Desktop,12/2/17
/pubs/reports/pub129/pub129.pdf/at_download/file,,404,,12/5/17,Not found,Desktop,12/6/17
/pubs/reports/pub130/pub130.pdf,,404,,12/2/17,Not found,Desktop,12/3/17
/pubs/reports/pub130/pub130ch.pdf,,404,,12/1/17,Not found,Desktop,12/1/17
/pubs/reports/pub131/pub131.pdf,,404,,12/1/17,Not found,Desktop,12/4/17
/pubs/reports/pub132/pub132.pdf,,404,,12/1/17,Not found,Desktop,12/4/17
/pubs/reports/pub132/pub132.pdf/view,,404,,12/16/17,Not found,Desktop,12/17/17
/pubs/reports/pub133/pub133.pdf,,404,,12/2/17,Not found,Smartphone,12/2/17
/pubs/reports/pub133/pub133.pdf/view,,404,,12/16/17,Not found,Smartphone,12/16/17
/pubs/reports/pub133/pub133abst,,404,,12/3/17,Not found,Smartphone,12/3/17
/pubs/reports/pub134/pub134col.pdf,,404,,12/1/17,Not found,Desktop,12/7/17
/pubs/reports/pub134/pub134grey.pdf,,404,,12/2/17,Not found,Desktop,12/6/17
/pubs/reports/pub135/pub135.pdf,,404,,12/1/17,Not found,Desktop,12/9/17
/pubs/reports/pub136/pub136.pdf,,404,,11/30/17,Not found,Desktop,12/4/17
/pubs/reports/pub137/pub137abst,,404,,12/3/17,Not found,Smartphone,12/3/17
/pubs/reports/pub138/append1.htm,,404,,12/2/17,Not found,Desktop,12/11/17
/pubs/reports/pub138/pub138.pdf,,404,,11/30/17,Not found,Desktop,12/12/17
/pubs/reports/pub139/aca.html/CLappx2.pdf,,404,,12/1/17,Not found,Smartphone,12/1/17
/pubs/reports/pub139/ACAall.pdf,,404,,11/29/17,Not found,Desktop,12/5/17
/pubs/reports/pub139/ACAappx10.pdf,,404,,12/1/17,Not found,Desktop,12/1/17
/pubs/reports/pub139/ACAappx2.pdf,,404,,12/1/17,Not found,Desktop,12/2/17
/pubs/reports/pub139/ACAappx3.pdf,,404,,11/30/17,Not found,Desktop,11/30/17
/pubs/reports/pub139/ACAappx4.pdf,,404,,12/2/17,Not found,Desktop,12/11/17
/pubs/reports/pub139/ACAappx5.pdf,,404,,12/1/17,Not found,Desktop,12/1/17
/pubs/reports/pub139/ACAappx8.pdf,,404,,12/1/17,Not found,Desktop,12/3/17
/pubs/reports/pub139/ACAappx9.pdf,,404,,12/1/17,Not found,Desktop,12/2/17
/pubs/reports/pub139/CLall.pdf,,404,,12/3/17,Not found,Desktop,12/3/17
/pubs/reports/pub139/CLappx4.pdf,,404,,12/2/17,Not found,Desktop,12/2/17
/pubs/reports/pub139/CLappx5.pdf,,404,,12/1/17,Not found,Desktop,12/1/17
/pubs/reports/pub139/CLappx6.pdf,,404,,12/1/17,Not found,Desktop,12/1/17
/pubs/reports/pub139/CLappx7.pdf,,404,,12/1/17,Not found,Desktop,12/2/17
/pubs/reports/pub139/CLappx8.pdf/at_download/file,,404,,12/5/17,Not found,Desktop,12/5/17
/pubs/reports/pub139/pub139.pdf,,404,,11/27/17,Not found,Desktop,12/7/17
/pubs/reports/pub139/redesign.html/ACAall.pdf,,404,,12/5/17,Not found,Desktop,12/5/17
/pubs/reports/pub139/rwwl.html/ACAall.pdf,,404,,12/5/17,Not found,Desktop,12/5/17
/pubs/reports/pub139/rwwl.html/CLappx7.pdf,,404,,12/2/17,Not found,Desktop,12/2/17
/pubs/reports/pub139/rwwl.html/CLappx8.pdf,,404,,12/4/17,Not found,Desktop,12/4/17
/pubs/reports/pub139/tricoll.html/ACAall.pdf,,404,,12/1/17,Not found,Desktop,12/4/17
/pubs/reports/pub139/tricoll.html/ACAappx8.pdf,,404,,12/7/17,Not found,Desktop,12/7/17
/pubs/reports/pub140/appenda.htm,,404,,12/2/17,Not found,Desktop,12/2/17
/pubs/reports/pub140/appenda.htm/refs.htm,,404,,12/4/17,Not found,Desktop,12/4/17
/pubs/reports/pub140/appendb.htm,,404,,12/2/17,Not found,Desktop,12/2/17
/pubs/reports/pub140/appendc.htm,,404,,12/1/17,Not found,Desktop,12/1/17
/pubs/reports/pub140/appende.htm,,404,,12/2/17,Not found,Desktop,12/2/17
/pubs/reports/pub140/appendf.htm,,404,,12/2/17,Not found,Desktop,12/16/17
/pubs/reports/pub140/body_files,,404,,12/2/17,Not found,Desktop,12/2/17
/pubs/reports/pub140/body_files/image001.gif/view,,404,,12/2/17,Not found,Desktop,12/17/17
/pubs/reports/pub140/body_files/image020.wmf,,404,,12/2/17,Not found,Desktop,12/2/17
/pubs/reports/pub140/body_files/image049.wmf,,404,,12/2/17,Not found,Desktop,12/2/17
/pubs/reports/pub140/body_files/image052.wmf,,404,,12/5/17,Not found,Desktop,12/5/17
/pubs/reports/pub140/body_files/image058.wmf,,404,,12/3/17,Not found,Desktop,12/3/17
/pubs/reports/pub140/body_files/image070.wmf,,404,,12/2/17,Not found,Desktop,12/3/17
/pubs/reports/pub140/body_files/image079.wmf,,404,,12/5/17,Not found,Desktop,12/5/17
/pubs/reports/pub140/body.htm,,404,,12/2/17,Not found,Desktop,12/14/17
/pubs/reports/pub140/pub140.pdf,,404,,12/1/17,Not found,Desktop,12/14/17
/pubs/reports/pub140/refs.htm,,404,,12/1/17,Not found,Desktop,12/4/17
/pubs/reports/pub141/pub141.pdf,,404,,11/30/17,Not found,Desktop,12/9/17
/pubs/reports/pub141/pub141abst,,404,,12/15/17,Not found,Smartphone,12/15/17
/pubs/reports/pub142/pub142.pdf,,404,,12/1/17,Not found,Desktop,12/16/17
/pubs/reports/pub142/pub142Arabic_part1.pdf,,404,,12/2/17,Not found,Desktop,12/2/17
/pubs/reports/pub142/pub142Chinese_part1.pdf,,404,,12/1/17,Not found,Desktop,12/2/17
/pubs/reports/pub143/pub143.pdf,,404,,11/30/17,Not found,Desktop,12/4/17
/pubs/reports/pub144/pub144.pdf,,404,,11/27/17,Not found,Desktop,12/1/17
/pubs/reports/pub144/pub144abst,,404,,12/3/17,Not found,Smartphone,12/3/17
/pubs/reports/pub145/pub145.pdf,,404,,11/29/17,Not found,Desktop,12/3/17
/pubs/reports/pub146/body_files/filelist.xml,,404,,12/2/17,Not found,Desktop,12/2/17
/pubs/reports/pub146/body.htm,,404,,11/29/17,Not found,Desktop,12/1/17
/pubs/reports/pub146/pub146.pdf,,404,,12/3/17,Not found,Desktop,12/3/17
/pubs/reports/pub147/data1Gevinson.pdf,,404,,12/1/17,Not found,Desktop,12/1/17
/pubs/reports/pub147/dataCGevinson.pdf,,404,,12/2/17,Not found,Desktop,12/4/17
/pubs/reports/pub147/dataSoler.pdf,,404,,12/2/17,Not found,Desktop,12/2/17
/pubs/reports/pub147/pub147.pdf,,404,,11/28/17,Not found,Desktop,12/12/17
/pubs/reports/pub148/pub148.pdf,,404,,11/29/17,Not found,Desktop,12/5/17
/pubs/reports/pub149/pub149.pdf,,404,,11/29/17,Not found,Desktop,12/5/17
/pubs/reports/pub150/pub150.pdf,,404,,12/2/17,Not found,Desktop,12/9/17
/pubs/reports/pub151/pub151.pdf,,404,,12/1/17,Not found,Desktop,12/15/17
/pubs/reports/pub152/LDWTechDraft_ver1.0final_111230.pdf,,404,,12/1/17,Not found,Desktop,12/14/17
/pubs/reports/pub152/linked-data-survey/picts/clirlogo.gif/view,,404,,12/6/17,Not found,Desktop,12/8/17
/pubs/reports/pub152/LinkedDataWorkshop.pdf,,404,,12/1/17,Not found,Desktop,12/6/17
/pubs/reports/pub152/Stanford%20Linked%20Data%20Workshop%20Report%20FINAL%20111024_files,,404,,12/2/17,Not found,Desktop,12/2/17
/pubs/reports/pub152/Stanford%20Linked%20Data%20Workshop%20Report%20FINAL%20111024_files/image004.png/image_view_fullscreen,,404,,12/1/17,Not found,Desktop,12/2/17
/pubs/reports/pub152/Stanford%20Linked%20Data%20Workshop%20Report%20FINAL%20111024_files/image004.png/view,,404,,12/1/17,Not found,Desktop,12/16/17
/pubs/reports/pub152/Stanford%20Linked%20Data%20Workshop%20Report%20FINAL%20111024_files/image006.png/view,,404,,12/16/17,Not found,Desktop,12/16/17
/pubs/reports/pub152/Stanford%20Linked%20Data%20Workshop%20Report%20FINAL%20111024.htm,,404,,12/1/17,Not found,Desktop,12/2/17
/pubs/reports/pub153/pub153.pdf,,404,,11/29/17,Not found,Desktop,12/4/17
/pubs/reports/pub154/pub154.pdf,,404,,11/29/17,Not found,Desktop,12/17/17
/pubs/reports/pub155/pub154abst,,404,,12/8/17,Not found,Desktop,12/8/17
/pubs/reports/pub155/pub155.pdf,,404,,11/29/17,Not found,Desktop,12/13/17
/pubs/reports/pub156/pub156.pdf,,404,,12/2/17,Not found,Desktop,12/2/17
/pubs/reports/pub156/pub156abst,,404,,12/14/17,Not found,Smartphone,12/14/17
/pubs/reports/pub157/pub157.pdf,,404,,12/1/17,Not found,Desktop,12/15/17
/pubs/reports/pub157/pub157.pdf/at_download/file,,404,,12/5/17,Not found,Desktop,12/5/17
/pubs/reports/pub157/pub157abst,,404,,12/8/17,Not found,Desktop,12/8/17
/pubs/reports/pub158/pub158.pdf,,404,,12/2/17,Not found,Desktop,12/3/17
/pubs/reports/pub159/pub159.pdf,,404,,12/1/17,Not found,Desktop,12/14/17
/pubs/reports/pub159/pub159t.pdf,,404,,12/1/17,Not found,Desktop,12/8/17
/pubs/reports/pub159/report-cover.pdf,,404,,12/1/17,Not found,Desktop,12/1/17
/pubs/reports/pub160/denton-declaration,,404,,11/30/17,Not found,Desktop,12/5/17
/pubs/reports/pub160/pub160.pdf,,404,,11/28/17,Not found,Desktop,12/4/17
/pubs/reports/pub161/pub161.pdf,,404,,12/2/17,Not found,Desktop,12/15/17
/pubs/reports/pub162/pub162.pdf,,404,,12/2/17,Not found,Desktop,12/2/17
/pubs/reports/pub163/pub163.pdf,,404,,12/2/17,Not found,Desktop,12/15/17
/pubs/reports/pub163/pub163abst,,404,,12/4/17,Not found,Desktop,12/7/17
/pubs/reports/pub164/pub164abst,,404,,12/3/17,Not found,Desktop,12/7/17
/pubs/reports/pub165/GF03WebMetricsAnalyticsSurveyopt.pdf,,404,,12/2/17,Not found,Desktop,12/11/17
/pubs/reports/pub166/pub166-pdf,,404,,11/30/17,Not found,Desktop,12/3/17
/pubs/reports/pub166/Pub166-pdfORIG,,404,,12/1/17,Not found,Desktop,12/2/17
/pubs/reports/pub166/Pub166-pdfORIG/at_download/file,,404,,12/4/17,Not found,Desktop,12/5/17
/pubs/reports/pub167/about.pdf,,404,,12/1/17,Not found,Desktop,12/2/17
/pubs/reports/pub167/appx2.pdf,,404,,12/5/17,Not found,Desktop,12/13/17
/pubs/reports/pub167/authors.pdf,,404,,12/1/17,Not found,Desktop,12/4/17
/pubs/reports/pub167/collaboration.pdf,,404,,12/1/17,Not found,Desktop,12/4/17
/pubs/reports/pub167/expanding.pdf,,404,,11/29/17,Not found,Desktop,12/2/17
/pubs/reports/pub167/history.pdf,,404,,12/1/17,Not found,Desktop,12/1/17
/pubs/reports/pub167/next.pdf,,404,,12/1/17,Not found,Desktop,12/2/17
/pubs/reports/pub167/pedagogy.pdf,,404,,12/1/17,Not found,Desktop,12/2/17
/pubs/reports/pub167/pedagogy.pdf/at_download/file,,404,,12/2/17,Not found,Desktop,12/2/17
/pubs/reports/pub167/pub167.pdf,,404,,11/30/17,Not found,Desktop,12/3/17
/pubs/reports/pub167/pub167.pdf/at_download/file,,404,,12/3/17,Not found,Desktop,12/5/17
/pubs/reports/pub167/pub167abst,,404,,12/3/17,Not found,Desktop,12/3/17
/pubs/reports/pub167/RDM.pdf,,404,,11/29/17,Not found,Desktop,12/12/17
/pubs/reports/pub167/RDM.pdf?elqTrackId=74f24542107041b4bbabac1d0bac697b&elqaid=4502&elqat=2,,404,,12/15/17,Not found,Smartphone,12/15/17
/pubs/reports/pub167/RDM.pdf?word=most+innovative+universities,,404,,12/15/17,Not found,Smartphone,12/15/17
/pubs/reports/pub167/survey.pdf,,404,,12/1/17,Not found,Desktop,12/4/17
/pubs/reports/pub167/trackless.pdf,,404,,11/30/17,Not found,Desktop,12/4/17
/pubs/reports/pub167/trackless.pdf/at_download/file,,404,,12/2/17,Not found,Desktop,12/8/17
/pubs/reports/pub169/addonizioetal.pdf/at_download/file,,404,,12/2/17,Not found,Desktop,12/2/17
/pubs/reports/pub169/appendix-3,,404,,12/2/17,Not found,Desktop,12/11/17
/pubs/reports/pub169/banks-fogel,,404,,12/6/17,Not found,Desktop,12/14/17
/pubs/reports/pub169/blacketal.pdf,,404,,11/30/17,Not found,Desktop,11/30/17
/pubs/reports/pub169/fidler-et-al,,404,,12/1/17,Not found,Desktop,12/2/17
/pubs/reports/pub169/gieringer-et-al,,404,,12/1/17,Not found,Desktop,12/2/17
/pubs/reports/pub169/gustainis-letocha,,404,,12/2/17,Not found,Smartphone,12/2/17
/pubs/reports/pub169/learningatwork.pdf,,404,,11/30/17,Not found,Desktop,12/2/17
/pubs/reports/pub169/malbinetal.pdf,,404,,12/2/17,Not found,Desktop,12/6/17
/pubs/reports/pub169/mcshea,,404,,12/1/17,Not found,Desktop,12/2/17
/pubs/reports/pub169/peek,,404,,11/28/17,Not found,Desktop,11/30/17
/pubs/reports/pub169/peek/at_download/file,,404,,12/1/17,Not found,Desktop,12/1/17
/pubs/reports/pub169/perry,,404,,11/29/17,Not found,Desktop,12/1/17
/pubs/reports/pub169/piscitellietal.pdf,,404,,12/1/17,Not found,Desktop,12/2/17
/pubs/reports/pub169/pub169.pdf,,404,,11/30/17,Not found,Desktop,11/30/17
/pubs/reports/pub169/shenetal.pdf,,404,,11/28/17,Not found,Desktop,11/30/17
/pubs/reports/pub169/spence,,404,,12/1/17,Not found,Desktop,12/2/17
/pubs/reports/pub169/tummino,,404,,12/5/17,Not found,Desktop,12/12/17
/pubs/reports/pub169/tummino/at_download/file,,404,,12/5/17,Not found,Desktop,12/6/17
/pubs/reports/pub17/pub17.pdf,,404,,11/30/17,Not found,Desktop,12/9/17
/pubs/reports/pub173/aapb-ndsr-host-application,,404,,12/2/17,Not found,Desktop,12/12/17
/pubs/reports/pub173/dc-resident-application-2016-17,,404,,12/1/17,Not found,Desktop,12/1/17
/pubs/reports/pub173/host-institution-commitment-checklist,,404,,12/2/17,Not found,Desktop,12/11/17
/pubs/reports/pub173/ndsr-boston,,404,,12/1/17,Not found,Desktop,12/2/17
/pubs/reports/pub173/ndsr-boston-expectations-and-opportunities,,404,,12/2/17,Not found,Desktop,12/11/17
/pubs/reports/pub173/ndsr-dc-host-application-form,,404,,12/2/17,Not found,Desktop,12/11/17
/pubs/reports/pub173/ndsr-dc-resident-application-form,,404,,12/2/17,Not found,Desktop,12/11/17
/pubs/reports/pub173/ndsr-ny-orientation-manual,,404,,12/2/17,Not found,Desktop,12/11/17
/pubs/reports/pub173/pub173.pdf,,404,,12/1/17,Not found,Desktop,12/12/17
/pubs/reports/pub173/pub173abst,,404,,12/7/17,Not found,Desktop,12/7/17
/pubs/reports/pub174/authors.pdf,,404,,11/29/17,Not found,Desktop,11/29/17
/pubs/reports/pub174/commons.pdf,,404,,12/1/17,Not found,Desktop,12/2/17
/pubs/reports/pub174/current.pdf,,404,,12/1/17,Not found,Desktop,12/2/17
/pubs/reports/pub174/humanities.pdf,,404,,12/1/17,Not found,Desktop,12/2/17
/pubs/reports/pub174/opportunities.pdf,,404,,12/1/17,Not found,Desktop,12/3/17
/pubs/reports/pub174/pub174.pdf,,404,,11/30/17,Not found,Desktop,12/3/17
/pubs/reports/pub174/zones.pdf,,404,,12/1/17,Not found,Desktop,12/14/17
/pubs/reports/pub48-1/pub48.pdf,,404,,12/1/17,Not found,Desktop,12/11/17
/pubs/reports/pub50/pub50.pdf,,404,,11/30/17,Not found,Desktop,12/11/17
/pubs/reports/pub51/pub51.pdf,,404,,12/1/17,Not found,Desktop,12/2/17
/pubs/reports/pub52/pub52.pdf,,404,,12/2/17,Not found,Desktop,12/17/17
/pubs/reports/pub53/pub53.pdf,,404,,12/1/17,Not found,Desktop,12/2/17
/pubs/reports/pub54/Download,,404,,12/1/17,Not found,Desktop,12/1/17
/pubs/reports/pub54/Download/magnetic_tape_storage_and_handl.pdf/view,,404,,12/4/17,Not found,Smartphone,12/4/17
/pubs/reports/pub54/Download/magnetic_tape_storage_and_handling.pdf,,404,,11/30/17,Not found,Desktop,12/2/17
/pubs/reports/pub54/Download/magnetic_tape_storage_and_handling.pdf/at_download/file,,404,,12/4/17,Not found,Desktop,12/5/17
/pubs/reports/pub54/Download/pub54.pdf/view,,404,,12/2/17,Not found,Desktop,12/14/17
/pubs/reports/pub54/Images/figure_9.gif/view,,404,,12/2/17,Not found,Desktop,12/2/17
/pubs/reports/pub56/pub56.pdf,,404,,12/5/17,Not found,Desktop,12/6/17
/pubs/reports/pub56/pub56.pdf/view,,404,,12/16/17,Not found,Desktop,12/16/17
/pubs/reports/pub57/pub57.pdf,,404,,12/2/17,Not found,Desktop,12/2/17
/pubs/reports/pub58/pub58.pdf,,404,,12/1/17,Not found,Desktop,12/1/17
/pubs/reports/pub59/pub59.pdf,,404,,12/1/17,Not found,Desktop,12/4/17
/pubs/reports/pub59/pub59.pdf/view,,404,,12/11/17,Not found,Desktop,12/11/17
/pubs/reports/pub60/pub60.pdf,,404,,12/1/17,Not found,Desktop,12/4/17
/pubs/reports/pub60/pub60.pdf/at_download/file,,404,,12/2/17,Not found,Desktop,12/4/17
/pubs/reports/pub62,,404,,12/16/17,Not found,Smartphone,12/16/17
/pubs/reports/pub63/preserving-digital-information-report-of-the-task-force-on-archiving-of-digital-information,,404,,12/2/17,Not found,Desktop,12/2/17
/pubs/reports/pub63watersgarrett.pdf,,404,,12/2/17,Not found,Smartphone,12/3/17
/pubs/reports/pub64/pub64.pdf,,404,,12/1/17,Not found,Desktop,12/2/17
/pubs/reports/pub68/pub68.pdf,,404,,12/2/17,Not found,Desktop,12/11/17
/pubs/reports/pub80-smith/pub80.pdf,,404,,11/29/17,Not found,Desktop,12/12/17
/pubs/reports/pub81-bouche,,404,,12/2/17,Not found,Desktop,12/2/17
/pubs/reports/pub81-bouche/pub81.pdf,,404,,12/1/17,Not found,Desktop,12/4/17
/pubs/reports/pub81-bouche/pub81.pdf/at_download/file,,404,,12/4/17,Not found,Desktop,12/4/17
/pubs/reports/pub82/pub82.pdf,,404,,12/2/17,Not found,Desktop,12/2/17
/pubs/reports/pub83/pub83.pdf,,404,,12/1/17,Not found,Desktop,12/11/17
/pubs/reports/pub83/statlab,,404,,12/2/17,Not found,Desktop,12/11/17
/pubs/reports/pub83/statlab/200x200.htm,,404,,12/2/17,Not found,Desktop,12/9/17
/pubs/reports/pub83/statlab/300x300.htm,,404,,12/2/17,Not found,Desktop,12/2/17
/pubs/reports/pub83/statlab/400x400.htm,,404,,12/2/17,Not found,Desktop,12/2/17
/pubs/reports/pub83/statlab/600x600.htm,,404,,12/9/17,Not found,Desktop,12/9/17
/pubs/reports/pub83/statlab/asc9209.sas,,404,,12/1/17,Not found,Desktop,12/1/17
/pubs/reports/pub83/statlab/rprr9209.sas,,404,,12/2/17,Not found,Desktop,12/2/17
/pubs/reports/pub83/statlab/spread2.sas,,404,,12/2/17,Not found,Desktop,12/13/17
/pubs/reports/pub84/img/nutcracker.gif/image_view_fullscreen,,404,,12/2/17,Not found,Desktop,12/11/17
/pubs/reports/pub84/pub84.pdf,,404,,12/2/17,Not found,Desktop,12/2/17
/pubs/reports/pub86/pub86.pdf,,404,,12/2/17,Not found,Desktop,12/3/17
/pubs/reports/pub88/pub88.pdf,,404,,12/2/17,Not found,Desktop,12/4/17
/pubs/reports/pub89/pub89.pdf,,404,,11/30/17,Not found,Desktop,12/14/17
/pubs/reports/pub90/pub90.pdf,,404,,11/28/17,Not found,Desktop,12/10/17
/pubs/reports/pub91/contents.htm,,404,,12/2/17,Not found,Smartphone,12/2/17
/pubs/reports/pub92/pub92.pdf,,404,,12/1/17,Not found,Desktop,12/17/17
/pubs/reports/pub92/pub92.pdf/at_download/file,,404,,12/12/17,Not found,Desktop,12/12/17
/pubs/reports/pub93/AppendixA.pdf,,404,,12/1/17,Not found,Desktop,12/2/17
/pubs/reports/pub93/AppendixC.html/AppendixA.pdf,,404,,12/4/17,Not found,Desktop,12/4/17
/pubs/reports/pub93/AppendixE.html/AppendixA.pdf,,404,,12/5/17,Not found,Desktop,12/5/17
/pubs/reports/pub93/pub93.pdf,,404,,12/1/17,Not found,Desktop,12/5/17
/pubs/reports/pub93/risk.html/AppendixF.pdf,,404,,12/2/17,Not found,Desktop,12/2/17
/pubs/reports/pub94/pub94.pdf,,404,,11/30/17,Not found,Desktop,12/15/17
/pubs/reports/pub95/pub95.pdf,,404,,11/30/17,Not found,Desktop,12/9/17
/pubs/reports/pub96/pub96.pdf,,404,,12/1/17,Not found,Desktop,12/2/17
/pubs/reports/pub97/pub97.pdf,,404,,12/1/17,Not found,Desktop,12/3/17
/pubs/reports/pub98/pub98.pdf,,404,,11/28/17,Not found,Desktop,12/3/17
/pubs/reports/pub99/appendixa.pdf,,404,,12/1/17,Not found,Desktop,12/2/17
/pubs/reports/pub99/pub99.pdf,,404,,12/1/17,Not found,Desktop,12/2/17
/pubs/reports/pub99/section2.html/appendixa.pdf,,404,,12/2/17,Not found,Desktop,12/2/17
/pubs/reports/pub99/section2.html/appendixb.pdf,,404,,12/2/17,Not found,Desktop,12/2/17
/pubs/reports/publ00/publ00.pdf,,404,,12/14/17,Not found,Smartphone,12/14/17
/pubs/reports/reports/arms-79/pub79.pdf,,404,,12/9/17,Not found,Smartphone,12/9/17
/pubs/reports/reports/pub100/pub100.pdf,,404,,12/5/17,Not found,Desktop,12/14/17
/pubs/reports/reports/pub101/pub101.pdf,,404,,11/28/17,Not found,Desktop,12/2/17
/pubs/reports/reports/pub102/pub102.pdf,,404,,12/1/17,Not found,Desktop,12/1/17
/pubs/reports/reports/pub103/pub103.pdf,,404,,11/30/17,Not found,Desktop,12/5/17
/pubs/reports/reports/pub104/pub104.pdf,,404,,12/2/17,Not found,Desktop,12/4/17
/pubs/reports/reports/pub105/pub105.pdf,,404,,12/2/17,Not found,Desktop,12/3/17
/pubs/reports/reports/pub106/pub106.pdf,,404,,12/1/17,Not found,Desktop,12/5/17
/pubs/reports/reports/pub107/pub107.pdf,,404,,12/1/17,Not found,Desktop,12/4/17
/pubs/reports/reports/pub108/pub108.pdf,,404,,12/12/17,Not found,Desktop,12/12/17
/pubs/reports/reports/pub109/pub109.pdf,,404,,12/2/17,Not found,Desktop,12/2/17
/pubs/reports/reports/pub111/pub111.pdf,,404,,12/2/17,Not found,Desktop,12/14/17
/pubs/reports/reports/pub112/pub112.pdf,,404,,12/1/17,Not found,Desktop,12/3/17
/pubs/reports/reports/pub113/pub113english.pdf,,404,,11/30/17,Not found,Desktop,12/7/17
/pubs/reports/reports/pub113/pub113spanish.pdf,,404,,11/29/17,Not found,Desktop,12/4/17
/pubs/reports/reports/pub114/pub114.pdf,,404,,12/2/17,Not found,Desktop,12/2/17
/pubs/reports/reports/pub115/pub115.pdf,,404,,12/1/17,Not found,Desktop,12/3/17
/pubs/reports/reports/pub116/pub116.pdf,,404,,12/2/17,Not found,Desktop,12/4/17
/pubs/reports/reports/pub117/pub117.pdf,,404,,12/2/17,Not found,Desktop,12/6/17
/pubs/reports/reports/pub118/pub118.pdf,,404,,12/5/17,Not found,Desktop,12/6/17
/pubs/reports/reports/pub119/pub119.pdf,,404,,12/2/17,Not found,Desktop,12/2/17
/pubs/reports/reports/pub120/pub120.pdf,,404,,12/3/17,Not found,Desktop,12/3/17
/pubs/reports/reports/pub121/pub121.pdf,,404,,12/1/17,Not found,Desktop,12/4/17
/pubs/reports/reports/pub123/pub123.pdf,,404,,12/1/17,Not found,Desktop,12/15/17
/pubs/reports/reports/pub124/pub124.pdf,,404,,12/2/17,Not found,Desktop,12/5/17
/pubs/reports/reports/pub125/pub125.pdf,,404,,11/28/17,Not found,Desktop,12/16/17
/pubs/reports/reports/pub126/pub126.pdf,,404,,11/29/17,Not found,Desktop,12/3/17
/pubs/reports/reports/pub127/pub127.pdf,,404,,12/1/17,Not found,Desktop,12/3/17
/pubs/reports/reports/pub128/pub128.pdf,,404,,12/1/17,Not found,Desktop,12/13/17
/pubs/reports/reports/pub129/pub129.pdf,,404,,12/2/17,Not found,Desktop,12/5/17
/pubs/reports/reports/pub130/pub130.pdf,,404,,11/30/17,Not found,Desktop,12/3/17
/pubs/reports/reports/pub130/pub130ch.pdf,,404,,11/28/17,Not found,Desktop,12/2/17
/pubs/reports/reports/pub131/pub131.pdf,,404,,12/2/17,Not found,Desktop,12/4/17
/pubs/reports/reports/pub132/pub132.pdf,,404,,12/2/17,Not found,Desktop,12/4/17
/pubs/reports/reports/pub134/pub134col.pdf,,404,,12/1/17,Not found,Desktop,12/6/17
/pubs/reports/reports/pub134/pub134grey.pdf,,404,,12/2/17,Not found,Desktop,12/6/17
/pubs/reports/reports/pub135/pub135.pdf,,404,,12/2/17,Not found,Desktop,12/4/17
/pubs/reports/reports/pub136/pub136.pdf,,404,,12/1/17,Not found,Desktop,12/3/17
/pubs/reports/reports/pub137/pub137.pdf,,404,,12/1/17,Not found,Desktop,12/6/17
/pubs/reports/reports/pub138/pub138.pdf,,404,,11/30/17,Not found,Desktop,12/6/17
/pubs/reports/reports/pub139/CLall.pdf,,404,,12/2/17,Not found,Desktop,12/11/17
/pubs/reports/reports/pub139/pub139.pdf,,404,,11/29/17,Not found,Desktop,12/3/17
/pubs/reports/reports/pub139/RWWLall.pdf,,404,,12/2/17,Not found,Desktop,12/11/17
/pubs/reports/reports/pub140/pub140.pdf,,404,,12/2/17,Not found,Desktop,12/16/17
/pubs/reports/reports/pub141/pub141.pdf,,404,,11/30/17,Not found,Desktop,12/3/17
/pubs/reports/reports/pub142/pub142.pdf,,404,,12/2/17,Not found,Desktop,12/4/17
/pubs/reports/reports/pub142/pub142Arabic_part1.pdf,,404,,11/30/17,Not found,Desktop,12/8/17
/pubs/reports/reports/pub142/pub142Chinese_part1.pdf,,404,,11/29/17,Not found,Desktop,12/2/17
/pubs/reports/reports/pub143/pub143.pdf,,404,,11/30/17,Not found,Desktop,12/4/17
/pubs/reports/reports/pub144/pub144.pdf,,404,,11/29/17,Not found,Desktop,11/30/17
/pubs/reports/reports/pub145/pub145.pdf,,404,,11/30/17,Not found,Desktop,12/4/17
/pubs/reports/reports/pub146/pub146.pdf,,404,,12/2/17,Not found,Desktop,12/3/17
/pubs/reports/reports/pub147/data1Gevinson.pdf,,404,,12/1/17,Not found,Desktop,12/3/17
/pubs/reports/reports/pub147/data2Gevinson.pdf,,404,,12/1/17,Not found,Desktop,12/2/17
/pubs/reports/reports/pub147/dataAGevinson.pdf,,404,,12/2/17,Not found,Desktop,12/11/17
/pubs/reports/reports/pub147/dataBaralt.pdf,,404,,11/30/17,Not found,Desktop,12/13/17
/pubs/reports/reports/pub147/dataBGevinson.pdf,,404,,12/2/17,Not found,Desktop,12/11/17
/pubs/reports/reports/pub147/dataCGevinson.pdf,,404,,12/1/17,Not found,Desktop,12/2/17
/pubs/reports/reports/pub147/dataSchmitz.xls,,404,,12/1/17,Not found,Desktop,12/2/17
/pubs/reports/reports/pub147/dataSoler.pdf,,404,,12/1/17,Not found,Desktop,12/1/17
/pubs/reports/reports/pub147/pub147.pdf,,404,,12/2/17,Not found,Desktop,12/5/17
/pubs/reports/reports/pub147/sumBaralt.pdf,,404,,12/2/17,Not found,Desktop,12/13/17
/pubs/reports/reports/pub147/sumGevinson.pdf,,404,,12/1/17,Not found,Desktop,12/1/17
/pubs/reports/reports/pub147/sumIntro.pdf,,404,,12/1/17,Not found,Desktop,12/2/17
/pubs/reports/reports/pub147/sumSoler.pdf,,404,,12/2/17,Not found,Desktop,12/11/17
/pubs/reports/reports/pub148/pub148.pdf,,404,,12/2/17,Not found,Desktop,12/5/17
/pubs/reports/reports/pub149/pub149.pdf,,404,,12/2/17,Not found,Smartphone,12/2/17
/pubs/reports/reports/pub150/pub150.pdf,,404,,12/1/17,Not found,Desktop,12/4/17
/pubs/reports/reports/pub152/LinkedDataWorkshop.pdf,,404,,12/2/17,Not found,Desktop,12/2/17
/pubs/reports/reports/pub152/Stanford%20Linked%20Data%20Workshop%20Report%20FINAL%20111024.htm,,404,,12/2/17,Not found,Desktop,12/4/17
/pubs/reports/reports/pub63watersgarrett.pdf,,404,,12/2/17,Not found,Desktop,12/4/17
/pubs/reports/reports/pub81-bouche/pub81.pdf,,404,,12/1/17,Not found,Desktop,12/3/17
/pubs/reports/reports/pub82/pub82.pdf,,404,,12/1/17,Not found,Desktop,12/3/17
/pubs/reports/reports/pub83/pub83.pdf,,404,,12/1/17,Not found,Desktop,12/13/17
/pubs/reports/reports/pub84/pub84.pdf,,404,,11/29/17,Not found,Desktop,12/2/17
/pubs/reports/reports/pub85/pub85.pdf,,404,,12/2/17,Not found,Desktop,12/11/17
/pubs/reports/reports/pub86/pub86.pdf,,404,,12/1/17,Not found,Desktop,12/15/17
/pubs/reports/reports/pub87/pub87.pdf,,404,,12/1/17,Not found,Desktop,12/13/17
/pubs/reports/reports/pub88/pub88.pdf,,404,,12/1/17,Not found,Desktop,12/4/17
/pubs/reports/reports/pub89/pub89.pdf,,404,,12/2/17,Not found,Desktop,12/3/17
/pubs/reports/reports/pub90/pub90.pdf,,404,,12/1/17,Not found,Desktop,12/4/17
/pubs/reports/reports/pub91/pub91.pdf,,404,,12/1/17,Not found,Desktop,12/1/17
/pubs/reports/reports/pub92/pub92.pdf,,404,,12/2/17,Not found,Desktop,12/9/17
/pubs/reports/reports/pub93/pub93.pdf,,404,,12/3/17,Not found,Desktop,12/4/17
/pubs/reports/reports/pub94/pub94.pdf,,404,,11/30/17,Not found,Desktop,12/2/17
/pubs/reports/reports/pub96/pub96.pdf,,404,,11/30/17,Not found,Desktop,12/12/17
/pubs/reports/reports/pub98/pub98.pdf,,404,,12/1/17,Not found,Desktop,12/1/17
/pubs/reports/reports/pub99/pub99.pdf,,404,,12/1/17,Not found,Desktop,12/3/17
/pubs/reports/reports/rothenberg/pub77.pdf,,404,,12/3/17,Not found,Desktop,12/4/17
/pubs/reports/rothenberg/pub77.pdf,,404,,12/1/17,Not found,Desktop,12/4/17
/pubs/reports/rothenberg/pub77.pdf/at_download/file,,404,,12/4/17,Not found,Desktop,12/6/17
/pubs/reports/spiro/append1.htm,,404,,12/1/17,Not found,Desktop,12/2/17
/pubs/reports/spiro/append2.htm,,404,,11/30/17,Not found,Desktop,12/11/17
/pubs/reports/spiro/append3_files,,404,,12/15/17,Not found,Desktop,12/15/17
/pubs/reports/spiro/append3.htm,,404,,12/1/17,Not found,Desktop,12/2/17
/pubs/reports/spiro/append4_files,,404,,12/16/17,Not found,Desktop,12/16/17
/pubs/reports/spiro/append4.htm,,404,,11/30/17,Not found,Desktop,12/2/17
/pubs/reports/spiro/spiro_Jan13.pdf,,404,,11/29/17,Not found,Desktop,12/17/17
/pubs/reports/spiro/spiro/append1.htm,,404,,12/2/17,Not found,Desktop,12/2/17
/pubs/reports/spiro/spiro/append3.htm,,404,,12/2/17,Not found,Desktop,12/2/17
/pubs/reports/spiro/spiro/append4.htm,,404,,12/2/17,Not found,Desktop,12/2/17
/pubs/reports/spiro/spiro/spiro_Jan13.pdf,,404,,11/30/17,Not found,Desktop,12/6/17
/pubs/reports/spiro/spiro2009.html/spiro/append3.htm,,404,,12/4/17,Not found,Desktop,12/4/17
/pubs/reports/spiro/spiro2009.html/spiro/append4.htm,,404,,12/4/17,Not found,Desktop,12/4/17
/pubs/reports/trant04/tranttext.pdf,,404,,11/29/17,Not found,Smartphone,11/29/17
/pubs/resources/2003-sponsors-symposium/sympslides2003/Horrigan_files/editdata.mso/view,,404,,12/1/17,Not found,Desktop,12/1/17
/pubs/resources/2004-sponsors-symposium/sympslides2004/garlett.ppt,,404,,12/1/17,Not found,Desktop,12/4/17
/pubs/resources/2005-sponsors-symposium/apr05spon_agenda.htm,,404,,12/1/17,Not found,Desktop,12/1/17
/pubs/resources/2005-sponsors-symposium/sympslides2005/Griffiths.htm,,404,,12/2/17,Not found,Desktop,12/11/17
/pubs/resources/2005-sponsors-symposium/sympslides2005/RhindTutt.htm,,404,,12/1/17,Not found,Desktop,12/1/17
/pubs/resources/2005-sponsors-symposium/sympslides2005/Shulenburger.htm,,404,,12/2/17,Not found,Desktop,12/2/17
/pubs/resources/2005-sponsors-symposium/sympslides2005/Woods.htm,,404,,12/1/17,Not found,Desktop,12/1/17
/pubs/resources/2006-sponsors-symposium/sympslides2006/ParcelMapping_FactSheet.pdf,,404,,12/1/17,Not found,Desktop,12/3/17
/pubs/resources/2008-sponsors-symposium/08sponagenda.htm,,404,,11/30/17,Not found,Desktop,12/4/17
/pubs/resources/2009-sponsors-symposium/09sponagenda.htm,,404,,12/2/17,Not found,Desktop,12/2/17
/pubs/resources/2011-sponsors-symposium/11sponagenda.pdf,,404,,12/2/17,Not found,Desktop,12/2/17
/pubs/resources/2011-sponsors-symposium/sympslides2011/hydra.pdf,,404,,12/2/17,Not found,Desktop,12/11/17
/pubs/resources/2011-sponsors-symposium/sympslides2011/jahnke.pdf,,404,,12/1/17,Not found,Desktop,12/2/17
/pubs/resources/2011-sponsors-symposium/sympslides2011/neuroth.pdf,,404,,12/1/17,Not found,Desktop,12/2/17
/pubs/resources/ad-converters-pohlmann.pdf,,404,,11/28/17,Not found,Desktop,12/2/17
/pubs/resources/archives/AckerShiltonAppend2.pdf,,404,,12/5/17,Not found,Desktop,12/7/17
/pubs/resources/archives/dublin2008.pdf,,404,,12/2/17,Not found,Desktop,12/2/17
/pubs/resources/archives/KIT-Friedlander.pdf,,404,,12/3/17,Not found,Desktop,12/3/17
/pubs/resources/archives/SehatFarr2009.pdf,,404,,12/2/17,Not found,Desktop,12/3/17
/pubs/resources/archives/ShiltonToolsfinal.pdf,,404,,12/4/17,Not found,Desktop,12/4/17
/pubs/resources/Assessment360.pdf,,404,,12/1/17,Not found,Desktop,12/2/17
/pubs/resources/Assessment360exsum.pdf,,404,,12/1/17,Not found,Desktop,12/3/17
/pubs/resources/clir-annual-sponsors-symposium-2007/dec07sponagenda.htm,,404,,12/2/17,Not found,Desktop,12/11/17
/pubs/resources/managing-digital-assets-a-primer-for-library-and-information-technology-administrators/feb05_spkrnotes,,404,,12/2/17,Not found,Desktop,12/2/17
/pubs/resources/managing-digital-assets-a-primer-for-library-and-information-technology-administrators/feb05_spkrnotes/dempsey.htm,,404,,12/1/17,Not found,Desktop,12/2/17
/pubs/resources/managing-digital-assets-a-primer-for-library-and-information-technology-administrators/feb05_spkrnotes/goodyear.htm,,404,,12/2/17,Not found,Desktop,12/11/17
/pubs/resources/managing-digital-assets-a-primer-for-library-and-information-technology-administrators/feb05_spkrnotes/greenbaum.htm,,404,,12/1/17,Not found,Desktop,12/2/17
/pubs/resources/managing-digital-assets-a-primer-for-library-and-information-technology-administrators/feb05_spkrnotes/okerson.htm,,404,,12/2/17,Not found,Desktop,12/11/17
/pubs/resources/managing-digital-assets-a-primer-for-library-and-information-technology-administrators/feb05_spkrnotes/seaman_files/outline_expand.gif/view,,404,,12/3/17,Not found,Desktop,12/3/17
/pubs/resources/managing-digital-assets-a-primer-for-library-and-information-technology-administrators/feb05_spkrnotes/seaman.htm,,404,,12/1/17,Not found,Desktop,12/2/17
/pubs/resources/managing-digital-assets-a-primer-for-library-and-information-technology-administrators/feb05_spkrnotes/smith.htm,,404,,12/2/17,Not found,Desktop,12/13/17
/pubs/resources/managing-digital-assets-a-primer-for-library-and-information-technology-administrators/feb05_spkrnotes/waters.htm,,404,,12/1/17,Not found,Desktop,12/2/17
/pubs/resources/managing-digital-assets-a-primer-for-library-and-information-technology-administrators/feb05_spkrnotes/wolpert.htm,,404,,12/2/17,Not found,Desktop,12/2/17
/pubs/resources/managing-digital-assets-a-primer-for-library-and-information-technology-administrators/feb05_spkrnotes/woodten.htm,,404,,12/1/17,Not found,Desktop,12/2/17
/pubs/resources/promoting-digital-scholarship-i/Nov07Lougee.pdf,/wp-content/uploads/sites/6/Nov07Lougee.pdf,404,,12/2/17,Not found,Desktop,12/11/17
/pubs/resources/promoting-digital-scholarship-i/Nov28final.pdf,/wp-content/uploads/sites/6/Nov28final.pdf,404,,12/5/17,Not found,Desktop,12/12/17
/pubs/resources/promoting-digital-scholarship-i/prospectus.pdf,/wp-content/uploads/sites/6/prospectus.pdf,404,,12/2/17,Not found,Desktop,12/11/17
/pubs/resources/promoting-digital-scholarship-ii-clir-neh/agenda08_05.htm,/wp-content/uploads/sites/6/agenda08_05.pdf,404,,12/2/17,Not found,Desktop,12/2/17
/pubs/resources/promoting-digital-scholarship-ii-clir-neh/agenda08_05.pdf,/wp-content/uploads/sites/6/agenda08_05.pdf,404,,12/4/17,Not found,Desktop,12/5/17
/pubs/resources/promoting-digital-scholarship-ii-clir-neh/agenda08_05.pdf/at_download/file,/wp-content/uploads/sites/6/agenda08_05.pdf,404,,12/5/17,Not found,Desktop,12/5/17
/pubs/resources/promoting-digital-scholarship-ii-clir-neh/crane11_11.pdf,/wp-content/uploads/sites/6/crane11_11.pdf,404,,12/1/17,Not found,Desktop,12/3/17
/pubs/resources/promoting-digital-scholarship-ii-clir-neh/FinalPerfRep08.pdf,/wp-content/uploads/sites/6/FinalPerfRep08.pdf,404,,12/2/17,Not found,Desktop,12/2/17
/pubs/resources/promoting-digital-scholarship-ii-clir-neh/friedlander.pdf,/wp-content/uploads/sites/6/friedlander.pdf,404,,12/1/17,Not found,Desktop,12/2/17
/pubs/resources/promoting-digital-scholarship-ii-clir-neh/levander11_11.pdf,/wp-content/uploads/sites/6/levander11_11.pdf,404,,12/1/17,Not found,Desktop,12/7/17
/pubs/resources/promoting-digital-scholarship-ii-clir-neh/oard11_11.pdf,/wp-content/uploads/sites/6/oard11_11.pdf,404,,12/1/17,Not found,Desktop,12/3/17
/pubs/resources/promoting-digital-scholarship-ii-clir-neh/stone11_11.pdf,/wp-content/uploads/sites/6/stone11_11.pdf,404,,12/2/17,Not found,Smartphone,12/2/17
/pubs/resources/promoting-digital-scholarship-ii-clir-neh/zorich.pdf,/wp-content/uploads/sites/6/zorich.pdf,404,,11/28/17,Not found,Desktop,12/1/17
/pubs/ruminations/01wilkin,/pubs/ruminations/wilkin/,404,,11/30/17,Not found,Desktop,12/2/17
/pubs/ruminations/01wilkin/images/fig2.eps,/wp-content/uploads/sites/6/fig2.eps,404,,12/2/17,Not found,Desktop,12/13/17
/pubs/ruminations/01wilkin/images/fig3.eps,/wp-content/uploads/sites/6/fig3.eps,404,,12/1/17,Not found,Desktop,12/2/17
/pubs/ruminations/01wilkin/images/fig4.eps,/wp-content/uploads/sites/6/fig4.eps,404,,12/2/17,Not found,Desktop,12/3/17
/pubs/ruminations/01wilkin/images/fig5.eps,/wp-content/uploads/sites/6/fig5.eps,404,,12/1/17,Not found,Desktop,12/1/17
/pubs/ruminations/01wilkin/images/fig6.eps,/wp-content/uploads/sites/6/fig6.eps,404,,12/2/17,Not found,Desktop,12/13/17
/pubs/ruminations/01wilkin/images/fig7.eps,/wp-content/uploads/sites/6/fig7.eps,404,,12/2/17,Not found,Desktop,12/11/17
/pubs/ruminations/01wilkin/wilkin.pdf,/wp-content/uploads/sites/6/wilkin.pdf,404,,12/2/17,Not found,Desktop,12/3/17
/pubs/ruminations/01wilkin/wilkin.pdf/at_download/file,/wp-content/uploads/sites/6/wilkin.pdf,404,,12/4/17,Not found,Desktop,12/4/17
/pubs/ruminations/02cornellcolumbia/appendix1.pdf,/wp-content/uploads/sites/6/02cornellcolumbia-report.pdf,404,,12/1/17,Not found,Smartphone,12/1/17
/pubs/ruminations/02cornellcolumbia/appendix1.pdf/at_download/file,/wp-content/uploads/sites/6/02cornellcolumbia-report.pdf,404,,12/5/17,Not found,Desktop,12/5/17
/pubs/ruminations/02cornellcolumbia/appendix2.pdf,/wp-content/uploads/sites/6/02cornellcolumbia-report.pdf,404,,12/2/17,Not found,Desktop,12/2/17
/pubs/ruminations/02cornellcolumbia/appendix3.pdf,/wp-content/uploads/sites/6/02cornellcolumbia-report.pdf,404,,12/1/17,Not found,Desktop,12/2/17
/pubs/ruminations/02cornellcolumbia/report.pdf,/wp-content/uploads/sites/6/02cornellcolumbia-report.pdf,404,,12/1/17,Not found,Desktop,12/2/17
/pubs/ruminations/03smithrumsey,/pubs/ruminations/translational-humanities/,404,,12/1/17,Not found,Desktop,12/9/17
/pubs/ruminations/03smithrumsey/translational_humanities,/pubs/ruminations/translational-humanities/,404,,12/2/17,Not found,Desktop,12/10/17
/recordings-at-risk/for-applicants/allowable-costs,,404,,12/1/17,Not found,Desktop,12/2/17
/recordings-at-risk/for-applicants/applicant-documents/budget-template/view,,404,,12/5/17,Not found,Desktop,12/7/17
/recordings-at-risk/for-applicants/applicant-webinar-recording-june-7-2017,,404,,12/14/17,Not found,Desktop,12/14/17
/recordings-at-risk/for-applicants/frequently-asked-questions,,404,,12/1/17,Not found,Desktop,12/2/17
/recordings-at-risk/for-applicants/recordings-at-risk-review-panel,,404,,11/30/17,Not found,Desktop,12/2/17
/recordings-at-risk/for-applicants/Sample_HarryRansomCenterTheUniversityofTexasatAustin.pdf,,404,,12/3/17,Not found,Smartphone,12/3/17
/recordings-at-risk/for-applicants/Sample_WilliamWayLGBTCommunityCenter.pdf,,404,,11/30/17,Not found,Desktop,12/2/17
/recordings-at-risk/for-recipients-1,,404,,11/30/17,Not found,Desktop,12/2/17
/recordings-at-risk/for-recipients-1/copy_of_RaR2_recipient_webinar.pdf,,404,,12/1/17,Not found,Smartphone,12/1/17
/recordings-at-risk/for-recipients-1/recordings-at-risk-reports,,404,,11/29/17,Not found,Desktop,12/1/17